country_code,country_name,continent,population,air_pollution_pm25,infant_mortality_rate,life_expectancy_both,life_expectancy_female,life_expectancy_male,obesity_prevalence,tuberculosis_incidence,under5_mortality_rate,adult_literacy_rate,basic_water_access_pct,gdp_per_capita,health_expenditure_per_capita,hospital_beds_per_1000,measles_immunization_pct,neonatal_mortality_rate,physicians_per_1000,population_total,urban_population_pct,cases_per_1m,deaths_per_1m,case_fatality_rate,health_system_index,socioeconomic_index,health_outcome_score
ABW,Aruba,North America,107609.0,10.22044,46.3327198,75.29554064,21.44475675,65.4608084,31.235856,93.5,12.224410456,91.40634550729564,96.7258902380545,30645.8906024548,465.63766479,2.1149999999999998,92.0,9.7,2.3970000000000002,109203.0,62.288276286885,410969.0,2714.0,0.6603,0.46438071639994716,0.5588781281872808,0.2744232305723171
AFE,Africa Eastern and Southern,,5797805.0,15.21878,10.60000038,75.0010583,20.38805674,65.19040807,21.059428,93.5,13.316700793,87.6600036621094,97.6403544846485,6472.54544924705,279.27058410999996,2.1149999999999998,94.0,9.7,2.376,9694824.0,63.8573092590878,128843.0,788.0,0.8749,0.4670086198755694,0.4778386914548347,0.5070889338846867
AFG,Afghanistan,Asia,40754388.0,62.48616,2.40712595,62.54955059,15.41138145,52.83748334,12.418921,65.0,60.562416568,87.6600036621094,69.8226976480641,496.6025042585,74.0642395,0.38,57.0,37.4,0.214,37856121.0,25.1437258839803,5746.0,196.0,3.4146,0.17624545865925917,0.30170590501597605,-0.17160037592009506
AFW,Africa Western and Central,,5797805.0,15.21878,10.60000038,75.0010583,20.38805674,65.19040807,21.059428,93.5,13.316700793,87.6600036621094,97.6403544846485,6472.54544924705,279.27058410999996,2.1149999999999998,94.0,9.7,2.376,9694824.0,63.8573092590878,128843.0,788.0,0.8749,0.4670086198755694,0.4778386914548347,0.5070889338846867
AGO,Angola,Africa,35027343.0,27.16477,10.60001993,60.3301794,14.90354951,55.39973017,5.5391729,64.0,48.61314517,49.0,64.1599110373067,2493.67884440177,64.4466095,0.75,59.0,19.4,0.1265,32375632.0,66.6637823180533,3064.0,55.0,1.8048,0.1687017362221378,0.2946754678081161,-0.1833209891802376
AIA,Anguilla,North America,15230.0,10.22044,46.3327198,75.29554064,21.44475675,65.4608084,31.235856,93.5,5.885225582,91.40634550729564,96.7258902380545,11673.7394555761,465.63766479,2.1149999999999998,92.0,9.7,2.3970000000000002,385829.0,71.4382284948964,256336.0,788.0,0.3074,0.46438071639994716,0.5417096279086174,0.32942644432205237
ALB,Albania,Europe,2866374.0,16.27997,14.07222366,76.17478761,20.07652645,69.43491219,23.602627,99.0,8.745723235,99.61000061035155,94.758223221518,6069.43903131027,366.34014893,2.84,95.0,7.1,1.645,2567801.0,56.7639071287255,116825.0,1258.0,1.0766,0.4588924082192956,0.50419155492539,0.5532048831673012
AND,Andorra,Europe,77463.0,8.52423,2.548419952,80.90340137,23.28289156,69.14331489,17.555156,99.0,3.174281828,99.61000061035155,100.0,41257.816459345,3021.078125,5.050000000000001,99.0,1.5,4.392,76474.0,88.5391793666245,619844.0,2130.0,0.3436,0.6754520923759065,0.7361074721576352,0.8059420822494122
ARB,Arab World,,5797805.0,15.21878,10.60000038,75.0010583,20.38805674,65.19040807,21.059428,93.5,13.316700793,87.6600036621094,97.6403544846485,6472.54544924705,279.27058410999996,2.1149999999999998,94.0,9.7,2.376,9694824.0,63.8573092590878,128843.0,788.0,0.8749,0.4670086198755694,0.4778386914548347,0.5070889338846867
ARE,UAE,Asia,10081785.0,38.92641,3.29888773,82.29087408,23.52044163,69.6863442,32.001853,99.0,4.477033732,87.6600036621094,97.9415735149907,4805.75371765917,279.27058410999996,2.615,97.0,8.6,2.255,17845429.5,63.8573092590878,105837.0,233.0,0.2201,0.48287500116152937,0.473030978489054,0.8257215981221067
ARG,Argentina,South America,46010234.0,11.97366,41.82795715,77.01582731,21.59439101,68.27068512,31.453845,83.0,9.71001628,94.57131334997685,95.41614476396654,9955.97478680428,1007.45629883,3.69,86.0,6.1,5.25,44973465.0,91.8567844513802,220143.0,2844.0,1.2918,0.5504606677584938,0.6355590647819271,0.372783809640927
ARM,Armenia,Asia,2971966.0,36.23722,0.029999999,75.66635568,22.61418557,68.95984983,17.022085,92.0,10.669708174,100.0,99.4591789118501,4597.22887399548,533.69952393,4.06,95.0,6.4,3.026,2962500.0,65.0047033570428,152031.0,2953.0,1.9425,0.5307465768131588,0.5356167137514164,0.6213854152759735
ASM,American Samoa,,5797805.0,15.21878,10.60000038,75.0010583,20.38805674,65.19040807,21.059428,93.5,13.316700793,87.6600036621094,97.6403544846485,6472.54544924705,279.27058410999996,2.1149999999999998,94.0,9.7,2.376,9694824.0,63.8573092590878,128843.0,788.0,0.8749,0.4670086198755694,0.4778386914548347,0.5070889338846867
ATG,Antigua and Barbuda,North America,99509.0,8.42492,33.77563477,75.65878463,20.1435743,65.15581822,31.235856,99.0,8.00958823,91.40634550729564,98.8436169017974,18896.3721832248,808.14996338,2.1149999999999998,97.0,6.0,2.3970000000000002,91364.0,24.708337524045,91509.0,1467.0,1.6033,0.4984544356296106,0.3707448966955535,0.40830841780574806
AUS,Australia,Australia-Oceania,26068792.0,9.19453,0.068250708,80.72082576,26.60301771,70.25644524,28.802299,95.0,3.218196172,87.6600036621094,99.9698532048744,55194.7585097428,5543.37841797,2.1149999999999998,94.0,2.4,3.808,25334826.0,87.3019647888406,454687.0,937.0,0.206,0.6820350294811435,0.714599643840924,0.8181224598401347
AUT,Austria,Europe,9066710.0,13.33314,5.210000038,79.44882171,25.59762527,71.09760264,14.900239,88.0,2.675155476,99.61000061035155,99.9999997360902,49885.9947355204,5313.19287109,7.19,95.0,2.2,5.318,8879920.0,68.3176044750522,670727.0,2486.0,0.3707,0.7945242002110635,0.6779974239838061,0.7535744856732234
AZE,Azerbaijan,Asia,10300205.0,27.15334,0.0,75.79966602,19.5536218,66.62391976,24.988432,74.0,17.704899039,99.8000030517578,93.2188338102912,4805.75371765917,199.25746155,3.94,78.0,14.2,3.148,10024283.0,58.1308191977779,81089.0,1010.0,1.2452,0.44630521805212037,0.5070573093383426,0.5640436305802597
BDI,Burundi,Africa,12624840.0,26.30518,10.60001993,66.23402468,15.46180664,56.2073357,3.5043184,93.0,35.628494718,49.0,63.7579908768374,234.31061590725,22.2435379,1.1400000000000001,92.0,21.2,0.1265,12255336.0,18.786178154187,4334.0,3.0,0.0694,0.2787890961066307,0.09165008108536545,0.08393357054192713
BEL,Belgium,Europe,11668278.0,12.29753,0.0,81.60895006,22.60210742,70.55246024,18.544669,97.0,2.908091878,99.61000061035155,100.0,46716.6227467964,5087.45654297,5.57,96.0,2.3,3.424,11488980.0,87.0961631189222,416659.0,2946.0,0.7071,0.7202369820160052,0.7459302110384626,0.8445456717663312
BEN,Benin,Africa,12784726.0,32.60628,83.85305023,61.76220363,16.47458143,56.83105426,6.1836995,72.0,56.932783354,49.0,67.9832516982572,1130.82135339795,33.9457283,0.4,58.0,29.7,0.06,12726755.0,48.7125500590248,2193.0,13.0,0.5814,0.16917172864431493,0.21706553818040866,-0.7302184614296093
BES,Caribbean Netherlands,North America,26647.0,10.22044,46.3327198,75.29554064,21.44475675,65.4608084,31.235856,93.5,12.224410456,91.40634550729564,96.7258902380545,11673.7394555761,465.63766479,2.1149999999999998,92.0,9.7,2.3970000000000002,385829.0,71.4382284948964,438398.0,1426.0,0.3253,0.46438071639994716,0.5417096279086174,0.2744232305723171
BFA,Burkina Faso,Africa,22102838.0,40.74491,100.57827,60.07525883,15.32612061,53.77537957,3.3492319,91.0,54.750931311,29.6599998474121,50.6996167671279,764.853077774946,41.06895828,1.1400000000000001,88.0,26.1,0.091,20961952.0,26.1187254401157,1001.0,18.0,1.8088,0.22507761766407713,0.03162594864291816,-0.8724072471487965
BGD,Bangladesh,Asia,167885689.0,46.84535,74.0,72.64472365,21.1842422,63.85831427,6.1779555,98.0,25.448207997,74.6800003051758,98.1043633059551,2129.79896954606,45.07677078,0.89,97.0,19.3,0.63,164913055.0,30.8228396343012,12207.0,176.0,1.4391,0.4101332425857798,0.2682152494979824,-0.10318475247192038
BGR,Bulgaria,Europe,6844597.0,18.62585,1.659999967,75.0010583,17.2428038,63.46283854,21.779059,93.0,5.546597987,99.61000061035155,99.2731656499931,10353.7204584127,733.06878662,7.74,95.0,3.2,4.236,6616726.0,73.7162322998047,195753.0,5661.0,2.892,0.6241448710511666,0.5861281669481613,0.6370190171840378
BHR,Bahrain,Asia,1783983.0,51.84331,0.022334998,76.02945447,19.58358645,64.71752191,30.886778,99.0,6.321014733,87.6600036621094,99.921837339959,27259.7438599327,1030.26379395,1.93,99.0,4.0,0.687,1483756.0,100.0,408944.0,882.0,0.2157,0.4729915678195458,0.6861412807680521,0.6686789711331456
BHS,"Bahamas, The",North America,400516.0,5.19903,46.3327198,68.08192587,18.68324354,63.11075132,52.126592,89.0,15.711229754,91.40634550729564,98.9452612148878,33640.3369861278,1881.40393066,2.77,83.0,9.8,2.3970000000000002,394675.0,81.8257463283204,95087.0,2107.0,2.2162,0.4997581069390935,0.6477047724433361,0.055282547512328084
BIH,Bosnia and Herzegovina,Europe,3249317.0,26.19402,0.037314504,79.56278757,22.07199872,67.01024039,19.510317,80.0,5.381452429,99.61000061035155,96.1384735195781,6122.37541352353,546.4508667,2.35,79.0,4.7,2.584,3345533.0,49.4650440037758,124215.0,5044.0,4.0603,0.4314220129058016,0.4743868522643177,0.7692459233442857
BLM,St. Barth,North America,9945.0,10.22044,46.3327198,75.29554064,21.44475675,65.4608084,31.235856,93.5,12.224410456,91.40634550729564,96.7258902380545,11673.7394555761,465.63766479,2.1149999999999998,92.0,9.7,2.3970000000000002,385829.0,71.4382284948964,553746.0,603.0,0.109,0.46438071639994716,0.5417096279086174,0.2744232305723171
BLR,Belarus,Europe,9432800.0,13.40596,0.179999996,79.65554048,22.48730719,62.13886172,18.532571,98.0,2.117842909,99.870002746582,99.1750106647627,6837.77339645635,400.11621094,9.93,98.0,1.1,4.546,9419758.0,77.4550771852757,105381.0,755.0,0.7161,0.6649576942757685,0.5925645339845586,0.7989942980878064
BLZ,Belize,North America,412190.0,10.50946,68.28488922,77.37712841,20.80525539,66.44713963,49.732479,98.0,12.553094788,91.40634550729564,94.1316195459167,6171.61449761423,298.14306641,2.1149999999999998,96.0,9.6,2.3970000000000002,385829.0,42.9077622153323,173243.0,1669.0,0.9635,0.4636614822871749,0.40873902835680226,0.17258086502016995
BMU,Bermuda,North America,61939.0,10.22044,46.3327198,75.29554064,21.44475675,65.4608084,39.385289,93.5,12.224410456,91.40634550729564,100.0,115798.040775578,465.63766479,2.1149999999999998,92.0,9.7,2.3970000000000002,64107.0,100.0,304493.0,2664.0,0.8749,0.4745626555935286,0.9592756398727028,0.2744232305723171
BOL,Bolivia,South America,11992656.0,24.55206,41.82795715,72.91976198,19.70924529,63.71667218,20.281638,75.0,25.246661989,94.57131334997685,91.2290518215196,4203.15492855788,241.34619141,1.28,79.0,9.7,1.088,11671386.0,69.7334986708387,101073.0,1868.0,1.8486,0.35410217148666384,0.5281629362436014,0.13072258881934212
BRA,Brazil,South America,215353593.0,10.94008,50.82396698,78.72827056,19.57791437,62.96217764,21.438541,70.0,14.372590181,93.8926266999537,98.773134154073,9029.83304401079,868.17248535,2.29,91.0,9.2,2.351,207455459.0,86.6797991084296,179908.0,3303.0,1.8361,0.4826246038860161,0.6084230960113169,0.31426506473597626
BRB,Barbados,North America,288023.0,9.83617,46.3327198,74.32950892,21.74310814,66.75704337,35.824624,90.0,9.673991167,91.40634550729564,98.9723622783173,21912.1501242857,1168.11938477,5.72,92.0,7.8,2.3970000000000002,281207.0,59.2841140645486,383921.0,2250.0,0.586,0.5527619350639833,0.521356169763345,0.27125717207783573
BRN,Brunei Darussalam,Asia,445431.0,7.35515,10.75885391,76.67529662,20.9242874,67.07844489,30.908304,99.0,9.100973289,87.6600036621094,99.9000895203528,30426.5730656528,678.81982422,3.66,97.0,5.5,2.255,442680.0,74.7923311783673,771655.0,505.0,0.0655,0.5190573711955101,0.5918135730648594,0.5863962769945101
BTN,Bhutan,Asia,787941.0,26.43655,0.0,72.86801769,20.61105073,64.19356524,7.9052791,97.0,21.081469052,87.6600036621094,98.9633804015347,3576.87987100503,115.71811676,2.09,97.0,10.1,0.336,764824.0,39.0746823405146,79571.0,27.0,0.0335,0.4276692092553821,0.36776879351424424,0.457981705522792
BWA,Botswana,Africa,2441162.0,12.5098,0.335395217,66.94641872,19.42125269,56.0523028,17.071067,95.0,37.73021984,49.0,91.4749479975469,7172.08956480028,438.28546143,2.47,97.0,19.8,0.395,2332083.0,66.3271694845464,135443.0,1147.0,0.8472,0.4225710970994947,0.3067883378181007,0.1561247797931465
CAF,Central African Republic,Africa,5016678.0,25.45795,10.60001993,52.93260744,11.18851078,47.74824575,5.1526483,38.0,116.971364627,42.439998626709,38.2122663974409,449.228467602439,35.76099014,1.1400000000000001,37.0,35.0,0.1265,4944703.0,41.7800430407332,3078.0,23.0,0.7319,0.022375054373376682,0.15555871273268426,-0.9701483058151046
CAN,Canada,North America,38388419.0,6.86916,6.162434578,82.0216251,26.23021392,69.65790446,26.84083,91.0,4.495816578,91.40634550729564,98.5631782582907,46352.8693445211,5098.88720703,2.51,90.0,3.5,2.418,37618495.0,81.7363672047941,128843.0,1538.0,1.1935,0.6241503417552715,0.6840060979610101,0.7984856147680114
CEB,Central Europe and the Baltics,,5797805.0,15.21878,10.60000038,75.0010583,20.38805674,65.19040807,21.059428,93.5,13.316700793,87.6600036621094,97.6403544846485,6472.54544924705,279.27058410999996,2.1149999999999998,94.0,9.7,2.376,9694824.0,63.8573092590878,128843.0,788.0,0.8749,0.4670086198755694,0.4778386914548347,0.5070889338846867
CHE,Switzerland,Europe,8773637.0,8.96682,0.01,83.47957563,24.08780117,71.33081959,9.5150761,96.0,3.826571689,99.61000061035155,99.98573708972265,40408.2848574751,2908.83154297,5.050000000000001,95.0,2.3,3.892,5668014.0,72.76538205339385,507549.0,1647.0,0.3245,0.6471878184943698,0.668915231382778,0.8854882091516645
CHI,Channel Islands,,5797805.0,15.21878,10.60000038,75.0010583,20.38805674,65.19040807,21.059428,93.5,13.316700793,87.6600036621094,97.6403544846485,6472.54544924705,279.27058410999996,2.1149999999999998,94.0,9.7,2.376,9694824.0,63.8573092590878,128843.0,788.0,0.8749,0.4670086198755694,0.4778386914548347,0.5070889338846867
CHL,Chile,South America,19250195.0,18.82031,0.487462789,81.02769155,25.96890969,70.05460077,41.390362,96.0,5.542176955,94.57131334997685,98.5642151245882,14495.716721687,1348.99401855,2.02,95.0,4.7,2.627,19197744.0,88.1273685623538,279730.0,3350.0,1.1977,0.5128725230096982,0.6333465643984971,0.803061912894048
CHN,China,Asia,1448471400.0,41.41693,2.40712595,74.57707156,20.97747677,68.45295916,6.560646,99.0,5.968690715,87.6600036621094,93.5326999183951,10342.9009524335,538.99157715,4.82,99.0,3.8,2.255,1407745000.0,62.7099151611328,347.0,4.0,1.0475,0.5197648634274856,0.48429303397335977,0.6170305303006548
CIV,Cote d'Ivoire,Africa,27742298.0,36.04066,96.56681061,61.18866234,18.55214086,54.41874137,14.09889,79.0,58.803230688,56.9592400560829,75.6490184756229,2141.76836170115,68.30471039,1.1400000000000001,71.0,30.0,0.149,28193009.0,51.3514799771241,3186.0,30.0,0.9447,0.2500755763708595,0.268530668758852,-0.850364309139062
CMR,Cameroon,Africa,27911548.0,60.51539,10.60001993,64.05693974,17.89329153,54.96472627,13.770814,67.0,41.839620954,49.0,68.7910816912942,1555.22660476477,56.79493713,1.1400000000000001,61.0,27.3,0.1265,25506095.0,53.9487914119331,4492.0,71.0,1.5744,0.19558702054098492,0.2397812828548236,-0.02696490958060721
COD,"Congo, Dem. Rep.",Africa,95240792.0,39.28882,10.60001993,59.67189821,15.99064596,53.50114488,7.8425653,73.0,54.795683694,49.0,35.6878940308452,504.00419142286,19.20812035,1.1400000000000001,65.0,24.0,0.162,92947442.0,42.8747090907476,1043.0,15.0,1.4778,0.10512149222885372,0.19129675385044165,-0.254201948065645
COG,"Congo, Rep.",Africa,5797805.0,36.48812,10.60001993,62.42600872,15.3059978,54.0563836,3.7891816,79.0,33.018379277,49.0,73.0980812765278,2488.42466724916,58.42106628,1.1400000000000001,73.0,18.3,0.1265,5616661.0,63.5176376123385,4377.0,67.0,1.5212,0.2477446816054977,0.28174730249812313,0.006868872616469068
COK,Cook Islands,Australia-Oceania,17571.0,7.7746,0.0,68.527122495,17.45140595,60.37984099,67.052567,98.0,12.297820747,87.6600036621094,97.67658476709235,13712.331325228035,254.83047485,2.1149999999999998,94.0,12.6,3.808,596966.5,59.2461548826604,409937.0,114.0,0.0278,0.499516567513225,0.47979522832656557,0.4205296066069226
COL,Colombia,South America,51512762.0,13.14327,57.09523392,80.54763102,24.02780643,69.33574952,27.030107,94.0,10.973850304,95.25,96.0785830726848,6472.54544924705,507.06231689,1.75,95.0,7.4,2.317,49907985.0,77.4595528518377,124244.0,2780.0,2.2374,0.4656814788387096,0.5696357639048043,0.3475437676862807
COM,Comoros,Africa,907419.0,14.3724,10.60001993,66.80228997,18.48973945,59.44403936,6.7214668,78.0,41.733572881,49.0,85.582654605357,1510.23218151592,78.23674774,1.1400000000000001,76.0,24.5,0.1265,786578.0,31.7287584068243,10038.0,177.0,1.7675,0.29690421408512935,0.1484517822046452,0.04584150701095163
CPV,Cabo Verde,Africa,567678.0,27.36214,10.60001993,78.2256663,21.94579054,62.29911344,7.6339826,96.0,13.215208814,49.0,87.808568861158,4380.78117331128,211.24963379,2.14,98.0,9.6,0.743,514104.0,71.6254285086577,113580.0,735.0,0.6467,0.40961704167011437,0.32048318641955487,0.5924049197679677
CRI,Costa Rica,North America,5182354.0,15.06122,42.10166931,82.7107149,23.11480531,68.08903985,23.293123,95.0,7.937907362,91.40634550729564,99.7975280834127,12884.6859951989,930.43511963,1.11,95.0,6.2,2.376,4999553.0,77.0435864735963,239058.0,1819.0,0.761,0.4823411605630607,0.5682090803930221,0.5353651143673619
CSS,Caribbean small states,,5797805.0,15.21878,10.60000038,75.0010583,20.38805674,65.19040807,21.059428,93.5,13.316700793,87.6600036621094,97.6403544846485,6472.54544924705,279.27058410999996,2.1149999999999998,94.0,9.7,2.376,9694824.0,63.8573092590878,128843.0,788.0,0.8749,0.4670086198755694,0.4778386914548347,0.5070889338846867
CUB,Cuba,North America,11305652.0,15.86244,50.56377029,75.29554064,23.15186892,67.79739049,20.011504,99.0,5.999597058,97.6500015258789,94.1321684364764,9232.26115935183,1023.39715576,4.21,99.0,3.2,8.677,11202846.0,77.0728225708008,98645.0,754.0,0.7649,0.6767788576309897,0.587381963390956,0.29884927579416115
CUW,Curacao,North America,165529.0,10.22044,46.3327198,75.29554064,21.44475675,65.4608084,31.235856,93.5,12.224410456,91.40634550729564,100.0,19220.6865793075,465.63766479,2.1149999999999998,92.0,9.7,2.3970000000000002,157441.0,91.3714918191305,277812.0,1782.0,0.6415,0.4745626555935286,0.6452920475579725,0.2744232305723171
CYM,Cayman Islands,North America,67277.0,10.22044,46.3327198,75.29554064,21.44475675,65.4608084,31.235856,93.5,12.224410456,91.40634550729564,95.6110429447853,88254.2902486867,465.63766479,2.1149999999999998,92.0,9.7,2.3970000000000002,67327.0,100.0,467797.0,550.0,0.1176,0.46091372592756585,0.8798281336097519,0.2744232305723171
CYP,Cyprus,Asia,1223387.0,14.51621,6.679999828,82.17744701,25.76937218,71.12585493,22.431517,96.0,2.736652758,87.6600036621094,99.7537103444436,29227.173828125,2059.45019531,2.13,86.0,1.6,2.928,1286671.0,66.7677357070518,556741.0,1116.0,0.2004,0.519853087876587,0.5554179295531482,0.8142105344672669
CZE,Czechia,Europe,10736784.0,15.03368,0.079999998,81.93289699,24.00080677,68.49230253,21.610965,97.0,2.745330338,99.61000061035155,98.731767831264,24062.7190013343,1805.44030762,6.7,92.0,1.6,4.112,10671870.0,72.7876426709563,443246.0,4053.0,0.9144,0.6287113513553966,0.6218592622228449,0.8538809851576515
DEU,Germany,Europe,83883596.0,11.91679,0.059999999,83.186281,23.57321953,68.99588905,22.122253,91.0,3.383703498,99.61000061035155,99.9999994577197,47656.199739747,5447.31787109,7.87,97.0,2.3,4.373,83092962.0,81.3053991689039,462891.0,2182.0,0.4714,0.7944697277526697,0.724872774287296,0.8813013865977286
DJI,Djibouti,Africa,1016097.0,21.04345,10.60001993,63.63353793,17.45210462,57.61308429,14.437491,85.0,50.372206327,49.0,78.500379190124,2837.16902340932,68.4744873,1.1400000000000001,83.0,30.5,0.1265,1088709.0,71.7418146554518,15441.0,186.0,1.2046,0.29713640471673425,0.3165084683662171,-0.11208626865979121
DMA,Dominica,North America,72344.0,8.3847,46.3327198,75.29554064,21.44475675,65.4608084,29.212144,99.0,32.332499916,91.40634550729564,96.4675351456684,9491.14995962374,465.63766479,3.18,92.0,29.0,2.3970000000000002,67880.0,71.4382284948964,221691.0,1023.0,0.4614,0.4807408526040091,0.5354141420240851,0.09995134425717772
DNK,Denmark,Europe,5834950.0,9.57146,0.01,83.06299549,22.1842811,69.85927694,12.982713,97.0,3.306333423,99.61000061035155,99.9999975731289,59404.2663247723,6049.93408203,2.59,96.0,2.6,4.251,5814422.0,88.2096490810669,545636.0,1511.0,0.2768,0.7233071273961874,0.7870967765055261,0.879094120493805
DOM,Dominican Republic,North America,11056370.0,7.98391,46.3327198,70.87113068,21.2350611,66.01089328,21.302362,89.0,33.443937654,93.6726916249429,96.7258902380545,8183.01623600375,357.44137573,1.25,90.0,23.9,1.431,10894043.0,73.5403464672933,61131.0,397.0,0.6486,0.4180005648445655,0.5510088205956382,-0.025544272784245148
DZA,Algeria,Africa,45350148.0,23.75163,11.0,76.54768313,21.42999644,66.1377459,22.279868,88.0,18.878643052,49.0,91.9998016191508,4468.45341883656,242.07049561,1.1400000000000001,80.0,15.9,0.973,43294546.0,72.4824561380175,5998.0,152.0,2.5297,0.35482599101326484,0.3242536462956347,0.4965306640714143
EAP,East Asia & Pacific (excluding high income),,5797805.0,15.21878,10.60000038,75.0010583,20.38805674,65.19040807,21.059428,93.5,13.316700793,87.6600036621094,97.6403544846485,6472.54544924705,279.27058410999996,2.1149999999999998,94.0,9.7,2.376,9694824.0,63.8573092590878,128843.0,788.0,0.8749,0.4670086198755694,0.4778386914548347,0.5070889338846867
EAR,Early-demographic dividend,,5797805.0,15.21878,10.60000038,75.0010583,20.38805674,65.19040807,21.059428,93.5,13.316700793,87.6600036621094,97.6403544846485,6472.54544924705,279.27058410999996,2.1149999999999998,94.0,9.7,2.376,9694824.0,63.8573092590878,128843.0,788.0,0.8749,0.4670086198755694,0.4778386914548347,0.5070889338846867
EAS,East Asia & Pacific,,5797805.0,15.21878,10.60000038,75.0010583,20.38805674,65.19040807,21.059428,93.5,13.316700793,87.6600036621094,97.6403544846485,6472.54544924705,279.27058410999996,2.1149999999999998,94.0,9.7,2.376,9694824.0,63.8573092590878,128843.0,788.0,0.8749,0.4670086198755694,0.4778386914548347,0.5070889338846867
ECA,Europe & Central Asia (excluding high income),,5797805.0,15.21878,10.60000038,75.0010583,20.38805674,65.19040807,21.059428,93.5,13.316700793,87.6600036621094,97.6403544846485,6472.54544924705,279.27058410999996,2.1149999999999998,94.0,9.7,2.376,9694824.0,63.8573092590878,128843.0,788.0,0.8749,0.4670086198755694,0.4778386914548347,0.5070889338846867
ECS,Europe & Central Asia,,5797805.0,15.21878,10.60000038,75.0010583,20.38805674,65.19040807,21.059428,93.5,13.316700793,87.6600036621094,97.6403544846485,6472.54544924705,279.27058410999996,2.1149999999999998,94.0,9.7,2.376,9694824.0,63.8573092590878,128843.0,788.0,0.8749,0.4670086198755694,0.4778386914548347,0.5070889338846867
ECU,Ecuador,South America,18113361.0,17.30573,66.18074799,77.75172721,22.83036148,67.61542231,24.994563,85.0,9.986488117,94.57131334997685,91.2046901615957,6205.05765246766,484.54037476,1.39,83.0,7.0,2.32,17340021.0,63.0627139714638,59083.0,1990.0,3.3679,0.405335687495653,0.5065577340463764,0.2193721151090921
EGY,"Egypt, Arab Rep.",Africa,106156692.0,64.10324,46.90000153,74.30094919,18.94086822,62.51960396,29.897389,95.0,18.437024509,49.0,97.6403544846485,2962.98892023003,142.69670105,1.19,95.0,15.2,0.697,107553158.0,42.4812027332648,4861.0,232.0,4.7697,0.41186449178367157,0.19677437306477893,0.1905085124934161
EMU,Euro area,,5797805.0,15.21878,10.60000038,75.0010583,20.38805674,65.19040807,21.059428,93.5,13.316700793,87.6600036621094,97.6403544846485,6472.54544924705,279.27058410999996,2.1149999999999998,94.0,9.7,2.376,9694824.0,63.8573092590878,128843.0,788.0,0.8749,0.4670086198755694,0.4778386914548347,0.5070889338846867
ERI,Eritrea,Africa,3662244.0,22.483,10.60001993,61.00063353,15.09442182,57.59136288,2.2299144,95.0,24.648091319,49.0,70.944581483911,1960.40808854893,28.42930794,1.09,93.0,17.8,0.077,3240194.0,35.2352333068848,2782.0,28.0,1.0109,0.3026155232500954,0.16414222104178314,0.04217228908795101
ESH,Western Sahara,Africa,626161.0,26.38989,10.60001993,63.550945515,16.760297985,55.92971273,9.76349415,86.5,41.358039491,49.0,70.944581483911,1960.40808854893,61.43383788999999,1.1400000000000001,77.5,25.25,0.1265,12491045.5,46.293553777071,16.0,2.0,10.0,0.25566369694591295,0.20952989939034783,-0.03603569592171857
ESP,Spain,Europe,46719142.0,10.18909,0.07,85.66031336,23.28289156,70.89741437,19.357298,95.0,2.884722669,99.61000061035155,99.98573708972265,40408.2848574751,2908.83154297,5.050000000000001,95.0,2.3,3.892,5668014.0,72.76538205339385,297840.0,2606.0,0.875,0.6471878184943698,0.668915231382778,0.9503428536662494
EST,Estonia,Europe,1321910.0,6.66542,0.059999999,74.6948324,24.96414985,70.59165183,21.786639,91.0,2.12929964,99.61000061035155,99.9714771406741,24021.2501413306,1599.3503418,4.53,88.0,1.2,3.469,1326898.0,69.5787397662154,475123.0,2270.0,0.4778,0.5629468090996583,0.608569054642207,0.66983914012003
ETH,Ethiopia,Africa,120812698.0,23.49859,10.60001993,67.17300914,19.38574261,59.20351316,0.84962239,61.0,40.982506101,55.0499992370605,48.1464763368745,793.473247210264,25.93511963,1.1400000000000001,56.0,28.7,0.089,115737383.0,21.2486705780029,4148.0,63.0,1.5113,0.11336369933498784,0.13204023403664378,0.06206547247568184
EUU,European Union,,5797805.0,15.21878,10.60000038,75.0010583,20.38805674,65.19040807,21.059428,93.5,13.316700793,87.6600036621094,97.6403544846485,6472.54544924705,279.27058410999996,2.1149999999999998,94.0,9.7,2.376,9694824.0,63.8573092590878,128843.0,788.0,0.8749,0.4670086198755694,0.4778386914548347,0.5070889338846867
FCS,Fragile and conflict affected situations,,5797805.0,15.21878,10.60000038,75.0010583,20.38805674,65.19040807,21.059428,93.5,13.316700793,87.6600036621094,97.6403544846485,6472.54544924705,279.27058410999996,2.1149999999999998,94.0,9.7,2.376,9694824.0,63.8573092590878,128843.0,788.0,0.8749,0.4670086198755694,0.4778386914548347,0.5070889338846867
FIN,Finland,Europe,5554960.0,6.02627,0.01,81.64702187,22.49368447,69.04574517,20.507891,91.0,2.012870703,99.61000061035155,99.9999972852429,48358.1807773701,4459.9296875,3.35,96.0,1.4,3.566,5521606.0,72.7431214358314,272930.0,2153.0,0.7887,0.6669411395783149,0.6917546350030855,0.8532402157192571
FJI,Fiji,Australia-Oceania,909466.0,8.14282,1.56e-07,65.78440631,17.26896964,58.64125641,31.96393,97.0,22.605183253,87.6600036621094,95.3833163293103,5842.07344577597,254.83047485,2.1149999999999998,94.0,12.6,3.808,914899.0,56.70989552257,75997.0,973.0,1.2804,0.49238488241840955,0.44668436550609814,0.2592784023120577
FLK,Falkland Islands (Malvinas),South America,3539.0,12.815315,41.82795715,77.38377726,21.65028288,66.24360573999999,26.6116885,85.5,13.5728549685,94.57131334997685,95.41614476396654,6472.54544924705,507.06231689,2.02,91.0,7.4,2.3354999999999997,19197744.0,77.4595528518377,545352.0,0.0,0.0,0.4554984946667363,0.5664195443590224,0.3489017841543743
FRA,France,Europe,65584518.0,9.00147,0.090000004,79.773758,27.50978774,69.77737462,10.332728,95.0,3.3140584,99.61000061035155,100.0,40408.2848574751,4519.98583984,5.96,92.0,2.6,3.243,67382061.0,78.6890784549356,612013.0,2556.0,0.4177,0.6906025920831312,0.693228401509525,0.7923398955517202
FRO,Faroe Islands,Europe,49233.0,12.1386,0.179999996,80.90340137,23.28289156,69.14331489,21.059428,95.0,3.3101959115,99.61000061035155,100.0,63068.2872688483,2908.83154297,5.050000000000001,95.0,2.3,3.892,51792.0,38.3945655822754,703959.0,569.0,0.0808,0.6472321737835098,0.5932047066310385,0.8213235143422335
FSM,Micronesia,Australia-Oceania,117489.0,8.12769,0.034125432,65.9434567,16.97897149,56.68680503,45.596629,78.0,20.41340398,87.6600036621094,97.67658476709235,13712.331325228035,254.83047485,2.1149999999999998,94.0,12.6,3.808,596966.5,59.2461548826604,225953.0,553.0,0.2448,0.499516567513225,0.47979522832656557,0.2822218943976807
GAB,Gabon,Africa,2331533.0,26.28642,100.0685425,64.97251699,14.71791721,57.56375199,9.9248238,70.0,33.210060478,49.0,87.472846570073,7441.1786472281,205.99945068,1.1400000000000001,62.0,19.1,0.603,2267706.0,89.9031850170394,21038.0,132.0,0.6259,0.2729074419481913,0.40432970302466464,-0.5537059652297627
GBR,UK,Europe,68497907.0,7.81825,10.89427757,82.91700525,25.24858138,69.38015713,26.980507,93.0,4.194548796,99.61000061035155,99.98573708972265,40408.2848574751,2908.83154297,5.050000000000001,95.0,2.3,3.892,5668014.0,72.76538205339385,363666.0,3389.0,0.9318,0.6471878184943698,0.668915231382778,0.7914584215639907
GEO,Georgia,Asia,3968738.0,18.63592,0.100000001,69.09659935,19.04885748,67.98174162,33.475772,94.0,9.238188723,99.8757151699707,96.6127357061039,4741.2832715876,339.86679077,4.61,99.0,5.4,7.452,3720161.0,58.6304091780343,469082.0,4317.0,0.9203,0.6398653666809208,0.5092806541982791,0.46128948989487567
GHA,Ghana,Africa,32395450.0,43.36725,10.60001993,63.4683531,15.45444417,57.94305064,4.7266766,97.0,32.582783114,49.0,84.7696150287459,2186.65822682613,71.14958191,1.1400000000000001,92.0,21.0,0.104,31258945.0,55.7246279109161,5306.0,45.0,0.8505,0.3452319244830107,0.2488913199054833,0.03794192212192299
GIB,Gibraltar,Europe,33704.0,12.1386,0.179999996,80.90340137,23.28289156,69.14331489,21.059428,95.0,3.3101959115,99.61000061035155,100.0,40408.2848574751,2908.83154297,5.050000000000001,95.0,2.3,3.892,35494.0,100.0,609720.0,3353.0,0.5499,0.6472321737835098,0.780696770237547,0.8213235143422335
GIN,Guinea,Africa,13865691.0,45.35609,132.5555573,59.79601929,16.01614288,53.50947382,10.914588,53.0,59.875586285,49.0,68.1651301407792,1031.34146480732,42.16910172,1.1400000000000001,50.0,32.2,0.1265,13034346.0,36.1281547546387,2782.0,34.0,1.2133,0.15767149996356972,0.16512731008631368,-1.1477791515873026
GLP,Guadeloupe,North America,399794.0,10.22044,46.3327198,75.29554064,21.44475675,65.4608084,31.235856,93.5,12.224410456,91.40634550729564,96.7258902380545,11673.7394555761,465.63766479,2.1149999999999998,92.0,9.7,2.3970000000000002,385829.0,71.4382284948964,508349.0,2554.0,0.5024,0.46438071639994716,0.5417096279086174,0.2744232305723171
GMB,"Gambia, The",Africa,2558482.0,34.91114,10.60001993,66.97529172,15.4819579,56.30803239,8.0096453,88.0,43.04385634,49.0,84.4361946965619,738.186751987483,23.21861267,0.96,85.0,26.0,0.077,2456844.0,61.643210849607,4935.0,145.0,2.9463,0.31649786510793626,0.2690055148356571,0.03900257382948363
GNB,Guinea-Bissau,Africa,2063367.0,42.65118,10.60001993,58.97631495,15.47214362,51.80932556,13.174364,78.0,53.709431106,54.8800010681152,61.2378280860905,811.216425885129,53.98390961,1.1400000000000001,79.0,35.7,0.1265,1967696.0,43.8745574951172,4659.0,86.0,1.8411,0.23006894519519747,0.22415131213735728,-0.262990522360955
GNQ,Equatorial Guinea,Africa,1496662.0,26.4746,10.60001993,63.04898321,15.62081218,53.50747979,27.609569,62.0,56.112555337,49.0,70.944581483911,6804.14923073888,223.14128113,1.1400000000000001,51.0,29.2,0.1265,1670177.0,70.1175419547293,11512.0,122.0,1.0622,0.1755426112968046,0.32128421971510324,-0.17719997310325358
GRC,Greece,Europe,10316637.0,14.36616,8.409999847,80.90744762,22.41632076,69.14331489,27.439916,99.0,3.479971712,99.61000061035155,99.999997048057,19335.3602002969,1569.02844238,4.15,97.0,2.5,6.163,10721582.0,78.1888100466875,591412.0,3671.0,0.6207,0.6474076506880448,0.6303921212559005,0.7624096898410554
GRD,Grenada,North America,113475.0,10.22044,46.3327198,70.45529704,16.7164911,62.25767399,28.254652,94.0,16.792381049,91.40634550729564,96.7258902380545,10462.7929159533,515.94726563,2.1149999999999998,94.0,12.5,2.3970000000000002,115981.0,36.1346465679904,173545.0,2097.0,1.2086,0.47250077191388595,0.39331703263468,0.10804781655195694
GRL,Greenland,North America,56973.0,10.22044,46.3327198,75.29554064,21.44475675,65.4608084,22.53436,93.5,12.224410456,91.40634550729564,100.0,53309.2035905065,465.63766479,2.1149999999999998,92.0,9.7,2.3970000000000002,56225.0,87.0217895507812,210117.0,369.0,0.1754,0.4745626555935286,0.7257644707331526,0.2744232305723171
GTM,Guatemala,North America,18584039.0,21.78182,73.12680054,72.70697215,21.45426178,62.53651792,24.69409,88.0,18.003705335,91.40634550729564,92.0910526006257,4511.99839552697,278.59024048,0.47,90.0,11.2,2.3970000000000002,17103803.0,54.1882267267974,69484.0,1092.0,1.5712,0.41080149974889685,0.45025145735775235,-0.03085538775112273
GUF,French Guiana,South America,314169.0,12.815315,41.82795715,77.38377726,21.65028288,66.24360573999999,26.6116885,85.5,13.5728549685,94.57131334997685,95.41614476396654,6472.54544924705,507.06231689,2.02,91.0,7.4,2.3354999999999997,19197744.0,77.4595528518377,312065.0,1337.0,0.4284,0.4554984946667363,0.5664195443590224,0.3489017841543743
GUM,Guam,,5797805.0,15.21878,10.60000038,75.0010583,20.38805674,65.19040807,21.059428,93.5,13.316700793,87.6600036621094,97.6403544846485,6472.54544924705,279.27058410999996,2.1149999999999998,94.0,9.7,2.376,9694824.0,63.8573092590878,128843.0,788.0,0.8749,0.4670086198755694,0.4778386914548347,0.5070889338846867
GUY,Guyana,South America,794045.0,11.25286,41.82795715,71.99458988,19.39624019,57.24822441,26.19327,99.0,26.970850931,94.57131334997685,94.7537064552483,6405.82443444562,314.0977478,2.15,98.0,18.0,2.3354999999999997,807665.0,26.4258834773058,93366.0,1637.0,1.7535,0.4717147698783298,0.3567649263762049,0.09153692978908107
HKG,"Hong Kong SAR, China",Asia,7604299.0,27.16498,1.803160906,74.57707156,20.39267473,65.53234464,17.022085,96.0,13.614667316,87.6600036621094,100.0,48359.0011950597,279.27058410999996,2.615,97.0,8.6,2.255,7507900.0,100.0,386309.0,1963.0,0.508,0.4892763666711476,0.7470002178122118,0.5549117836896835
HND,Honduras,North America,10221247.0,19.08141,46.3327198,72.89977764,17.35928654,62.34940977,27.409381,88.0,13.316700793,88.5100021362305,93.9610018338129,2502.32744328073,183.75006104,0.65,89.0,9.9,2.3970000000000002,9943633.0,56.3791561389766,46432.0,1092.0,2.3526,0.41314657954737577,0.4397217272806635,0.20221333351833815
HPC,Heavily indebted poor countries (HIPC),,5797805.0,15.21878,10.60000038,75.0010583,20.38805674,65.19040807,21.059428,93.5,13.316700793,87.6600036621094,97.6403544846485,6472.54544924705,279.27058410999996,2.1149999999999998,94.0,9.7,2.376,9694824.0,63.8573092590878,128843.0,788.0,0.8749,0.4670086198755694,0.4778386914548347,0.5070889338846867
HRV,Croatia,Europe,4059286.0,15.21878,0.029999999,75.58179922,19.70571632,66.66338329,28.151074,94.0,4.007141964,99.61000061035155,99.9017118309549,15563.5987295029,1063.54443359,5.78,93.0,3.0,3.59,3949390.0,56.303247958306,322650.0,4604.0,1.4268,0.5840405232419903,0.5296858911284245,0.6769804237651115
HTI,Haiti,North America,11680283.0,9.7806,46.3327198,64.1641267,16.28367079,54.46786523,13.61457,54.0,45.045881177,91.40634550729564,69.7360086923955,1352.17204191532,49.32995987,4.89,74.0,25.0,2.3970000000000002,11105163.0,52.0069059952475,2968.0,74.0,2.4807,0.3532979144351419,0.4321842237770923,-0.3018319954539824
HUN,Hungary,Europe,9606259.0,14.24457,0.239999995,76.33548535,17.71747954,66.59236063,26.653579,99.0,3.77515136,99.61000061035155,99.4779522735121,17012.8598553199,1062.15869141,6.91,99.0,2.2,3.494,9694824.0,70.4565277099609,232164.0,5106.0,2.1992,0.6180166169418317,0.5919567597707903,0.6972600244593168
IBD,IBRD only,,5797805.0,15.21878,10.60000038,75.0010583,20.38805674,65.19040807,21.059428,93.5,13.316700793,87.6600036621094,97.6403544846485,6472.54544924705,279.27058410999996,2.1149999999999998,94.0,9.7,2.376,9694824.0,63.8573092590878,128843.0,788.0,0.8749,0.4670086198755694,0.4778386914548347,0.5070889338846867
IBT,IDA & IBRD total,,5797805.0,15.21878,10.60000038,75.0010583,20.38805674,65.19040807,21.059428,93.5,13.316700793,87.6600036621094,97.6403544846485,6472.54544924705,279.27058410999996,2.1149999999999998,94.0,9.7,2.376,9694824.0,63.8573092590878,128843.0,788.0,0.8749,0.4670086198755694,0.4778386914548347,0.5070889338846867
IDA,IDA total,,5797805.0,15.21878,10.60000038,75.0010583,20.38805674,65.19040807,21.059428,93.5,13.316700793,87.6600036621094,97.6403544846485,6472.54544924705,279.27058410999996,2.1149999999999998,94.0,9.7,2.376,9694824.0,63.8573092590878,128843.0,788.0,0.8749,0.4670086198755694,0.4778386914548347,0.5070889338846867
IDB,IDA blend,,5797805.0,15.21878,10.60000038,75.0010583,20.38805674,65.19040807,21.059428,93.5,13.316700793,87.6600036621094,97.6403544846485,6472.54544924705,279.27058410999996,2.1149999999999998,94.0,9.7,2.376,9694824.0,63.8573092590878,128843.0,788.0,0.8749,0.4670086198755694,0.4778386914548347,0.5070889338846867
IDN,Indonesia,Asia,279134505.0,18.44526,2.40712595,71.40110181,19.04356359,62.47943333,5.163734,85.0,19.271511131,87.6600036621094,88.7538936468124,4106.94856160358,118.22380829,1.16,88.0,11.3,0.462,272489381.0,55.7382049560547,24466.0,581.0,2.3731,0.3549040616582416,0.43769135295979184,0.4184440035750766
IDX,IDA only,,5797805.0,15.21878,10.60000038,75.0010583,20.38805674,65.19040807,21.059428,93.5,13.316700793,87.6600036621094,97.6403544846485,6472.54544924705,279.27058410999996,2.1149999999999998,94.0,9.7,2.376,9694824.0,63.8573092590878,128843.0,788.0,0.8749,0.4670086198755694,0.4778386914548347,0.5070889338846867
IMN,Isle of Man,Europe,85732.0,12.1386,0.179999996,80.90340137,23.28289156,69.14331489,21.059428,95.0,3.3101959115,99.61000061035155,99.4745862903226,87127.5517977404,2908.83154297,5.050000000000001,95.0,2.3,3.892,83957.0,52.1789898247578,443335.0,1353.0,0.3052,0.6455982241506697,0.7191781979253368,0.8213235143422335
IND,India,Asia,1406631776.0,53.02981,10.60000038,70.72711152,18.51853566,61.08155839,6.183831,91.0,29.631498092,74.8938629973395,92.4317828217009,2041.42863698585,60.6913681,1.62,95.0,21.8,0.889,1389030312.0,33.8139578818147,32016.0,379.0,1.1848,0.4043291814426196,0.2812505451037867,0.2536181454499166
IRL,Ireland,Europe,5020199.0,8.65939,5.420000076,83.59929764,25.48073346,70.47920306,28.532895,94.0,2.789279532,99.61000061035155,97.0120539231566,81827.6688873996,5454.31152344,2.88,91.0,2.3,3.317,4976456.0,63.2737009154127,345521.0,1891.0,0.5472,0.6611488337789182,0.7494281952857268,0.8597949944023191
IRN,"Iran, Islamic Rep.",Asia,86022837.0,36.40651,26.73194122,76.36224673,22.18931374,66.55531232,23.061267,99.0,12.133384849,87.3788306734933,97.2741844991019,3997.4935449585,223.64257813,1.85,99.0,8.6,2.255,87051648.0,75.2038879394531,88665.0,1707.0,1.9248,0.4730775580594394,0.5159379795230158,0.4401990985862987
IRQ,Iraq,Asia,42164965.0,39.28878,2.40712595,70.25762098,19.63143943,63.5172592,38.754812,84.0,21.302218802,87.6600036621094,97.7787837240263,5671.8568632942,241.73873901,2.615,86.0,14.7,0.881,41192171.0,69.8683395385742,58474.0,602.0,1.0292,0.41377932386857685,0.5002007987880082,0.37088241677160527
ISL,Iceland,Europe,345393.0,5.56462,4.389999866,83.90044964,25.6651372,71.39375059,18.869404,93.0,2.168663605,99.61000061035155,99.9999970387712,69296.3144361601,5912.00976563,2.8,93.0,1.4,3.892,360563.0,93.9770847416131,607731.0,663.0,0.1091,0.7041153826295352,0.839301327060962,0.8802675558988465
ISR,Israel,Asia,9326000.0,20.42281,7.586018085,84.31971616,23.60837246,71.50510833,22.388023,98.0,2.630563873,87.6600036621094,100.0,44250.6313628073,3335.24511719,3.1,99.0,1.9,3.521,9054000.0,91.6154002002652,519169.0,1363.0,0.2624,0.6342475998538102,0.7007363077758861,0.8648906294644602
ITA,Italy,Europe,60262770.0,12.25537,0.0,80.93606726,23.53272682,71.92354184,17.133439,96.0,2.819327292,99.3499984741211,99.9170340740928,33812.788724868,2908.83154297,3.14,94.0,1.8,4.024,59729081.0,69.5050010681153,443445.0,3261.0,0.7353,0.6160275988864476,0.6352771062131749,0.8276965975463936
JAM,Jamaica,North America,2985094.0,14.8314,46.3327198,69.48005358,20.38805674,65.08336754,16.875832,96.0,19.966202882,91.40634550729564,89.2277179456112,6030.68896415921,390.79431152,1.72,94.0,14.1,2.3970000000000002,2823271.0,56.6957957395074,52551.0,1258.0,2.3944,0.43866635331642734,0.46492403100124996,0.054973020597316014
JEY,Channel Islands,Europe,176463.0,12.1386,0.179999996,80.90340137,23.28289156,69.14331489,21.059428,95.0,3.3101959115,99.61000061035155,99.98573708972265,40408.2848574751,2908.83154297,5.050000000000001,95.0,2.3,3.892,5668014.0,72.76538205339385,576421.0,1292.0,0.2242,0.6471878184943698,0.668915231382778,0.8213235143422335
JOR,Jordan,Asia,10300869.0,26.28272,2.40712595,79.7854181,24.08271719,68.3615608,32.314754,89.0,13.625147664,87.6600036621094,99.1420002561378,4170.1144003465,294.92785645,1.36,87.0,8.6,2.519,10671891.0,91.515966492507,169597.0,1371.0,0.8084,0.4407654296655349,0.5847194954049239,0.6869769158134216
JPN,Japan,Asia,125584838.0,10.5135,0.0,87.15215206,24.28285594,73.58129509,6.4919583,98.0,1.900056899,87.6600036621094,99.0434723765032,40415.9567649547,4431.29980469,12.79,96.0,0.8,2.255,126633000.0,91.7164207898107,269169.0,595.0,0.221,0.7847524129912656,0.6900901569605202,0.9984393673994543
KAZ,Kazakhstan,Asia,19205043.0,38.38617,23.20000076,68.84461035,19.15182192,61.25608677,18.388954,97.0,9.115241565,87.6600036621094,96.6144824644743,9457.12614657136,263.61331177,5.01,99.0,4.7,3.62,19209555.0,59.0832474269546,73514.0,721.0,0.9809,0.5549304094795614,0.46685283026802776,0.2942357174027158
KEN,Kenya,Africa,56215221.0,12.68054,0.794924974,66.50141922,17.37420401,57.1196694,16.48072,93.0,37.24514555,49.0,61.4907638599362,1960.40808854893,85.64528656,1.33,92.0,22.3,0.1265,51202827.0,31.1895566421135,6122.0,101.0,1.6532,0.27690306635243495,0.14753717946625697,0.145468257541032
KGZ,Kyrgyzstan,Asia,6728271.0,40.93953,36.47497177,77.1381149,17.1937226,66.9299728,24.675855,95.0,18.008570102,87.6600036621094,97.9415735149907,4805.75371765917,279.27058410999996,2.615,97.0,8.6,2.255,17845429.5,63.8573092590878,30750.0,445.0,1.4456,0.48287500116152937,0.473030978489054,0.34141151883085846
KHM,Cambodia,Asia,17168639.0,17.30193,0.237949595,72.15942832,15.71590891,59.7685133,3.5881002,88.0,20.642578349,87.6600036621094,77.5132246974306,2225.87705485686,112.5851059,2.615,87.0,11.8,0.211,16481304.0,39.5830241256026,8102.0,178.0,2.1969,0.3341631787451724,0.3659583794608752,0.4415717874845392
KIR,Kiribati,Australia-Oceania,123419.0,7.61811,0.034125432,62.13784891,16.15683373,56.58361318,54.247993,97.0,38.01267632,87.6600036621094,75.8122291109265,1750.9977188915,177.93025208,2.1149999999999998,94.0,23.3,3.808,123921.0,56.2846727145489,41201.0,194.0,0.472,0.42897176119545427,0.43313873935365305,0.029869432175835108
KNA,Saint Kitts and Nevis,North America,53871.0,8.05126,46.3327198,75.29554064,21.44475675,65.4608084,51.73046,97.0,14.194514307,91.40634550729564,96.7258902380545,11673.7394555761,465.63766479,2.1149999999999998,92.0,9.7,2.3970000000000002,385829.0,71.4382284948964,122645.0,891.0,0.7265,0.46438071639994716,0.5417096279086174,0.257329227892229
KOR,"Korea, Rep.",Asia,51329899.0,25.04855,0.845762193,83.68842093,23.54951611,72.50021771,6.979806,98.0,2.333373526,87.6600036621094,99.6942402925064,33826.9443301597,2602.4831543,12.43,98.0,1.5,2.458,51764822.0,81.2901063535619,673523.0,700.0,0.1039,0.7314833130445197,0.6282910567471425,0.8980688971984887
KWT,Kuwait,Asia,4380326.0,54.93086,0.0,82.50221054,25.47052373,71.78683473,37.591118,92.0,7.638047073,87.6600036621094,97.9415735149907,4805.75371765917,279.27058410999996,2.615,97.0,8.6,2.255,17845429.5,63.8573092590878,152308.0,587.0,0.3852,0.48287500116152937,0.473030978489054,0.8268950525347227
LAC,Latin America & Caribbean (excluding high income),,5797805.0,15.21878,10.60000038,75.0010583,20.38805674,65.19040807,21.059428,93.5,13.316700793,87.6600036621094,97.6403544846485,6472.54544924705,279.27058410999996,2.1149999999999998,94.0,9.7,2.376,9694824.0,63.8573092590878,128843.0,788.0,0.8749,0.4670086198755694,0.4778386914548347,0.5070889338846867
LAO,Lao People's Democratic Republic,Asia,7481023.0,23.29719,2.40712595,68.35701918,16.34768206,59.43312282,6.8515815,66.0,44.887868855,87.6600036621094,97.9415735149907,4805.75371765917,279.27058410999996,2.615,97.0,8.6,2.255,17845429.5,63.8573092590878,29270.0,101.0,0.3462,0.48287500116152937,0.473030978489054,0.11647002079242366
LBN,Lebanon,Asia,6684849.0,23.77496,2.40712595,79.28679608,21.45789204,68.02622173,28.727019,83.0,13.614667316,87.6600036621094,97.9415735149907,4805.75371765917,279.27058410999996,2.615,97.0,8.6,2.255,17845429.5,63.8573092590878,186068.0,1638.0,0.8805,0.48287500116152937,0.473030978489054,0.674011565043653
LBR,Liberia,Africa,5305117.0,32.50276,10.60001993,64.20078315,16.96396014,54.53679517,18.334357,71.0,58.217971028,49.0,70.944581483911,1960.40808854893,61.43383788999999,1.1400000000000001,77.5,25.25,0.1265,12491045.5,46.293553777071,1525.0,56.0,3.6465,0.25566369694591295,0.20952989939034783,-0.16530845963179075
LBY,Libyan Arab Jamahiriya,Africa,7040745.0,28.10539,10.60001993,71.46825386,19.90152515,62.73251578,35.397673,73.0,8.229297975,49.0,70.944581483911,1960.40808854893,61.43383788999999,1.1400000000000001,77.5,25.25,0.1265,12491045.5,46.293553777071,72048.0,914.0,1.2689,0.25566369694591295,0.20952989939034783,0.4587251227166877
LCA,Saint Lucia,North America,185113.0,8.93856,46.3327198,76.11613744,19.62934002,67.83975966,43.583554,92.0,16.363268437,91.40634550729564,96.7258902380545,11673.7394555761,465.63766479,2.1149999999999998,92.0,9.7,2.3970000000000002,385829.0,71.4382284948964,163225.0,2215.0,1.3569,0.46438071639994716,0.5417096279086174,0.2599987060880732
LCN,Latin America & Caribbean,,5797805.0,15.21878,10.60000038,75.0010583,20.38805674,65.19040807,21.059428,93.5,13.316700793,87.6600036621094,97.6403544846485,6472.54544924705,279.27058410999996,2.1149999999999998,94.0,9.7,2.376,9694824.0,63.8573092590878,128843.0,788.0,0.8749,0.4670086198755694,0.4778386914548347,0.5070889338846867
LDC,Least developed countries: UN classification,,5797805.0,15.21878,10.60000038,75.0010583,20.38805674,65.19040807,21.059428,93.5,13.316700793,87.6600036621094,97.6403544846485,6472.54544924705,279.27058410999996,2.1149999999999998,94.0,9.7,2.376,9694824.0,63.8573092590878,128843.0,788.0,0.8749,0.4670086198755694,0.4778386914548347,0.5070889338846867
LIE,Liechtenstein,Europe,38387.0,12.1386,0.179999996,80.90340137,23.28289156,69.14331489,21.059428,95.0,3.3101959115,99.61000061035155,99.98573708972265,40408.2848574751,2908.83154297,5.050000000000001,95.0,2.3,3.892,5668014.0,72.76538205339385,562013.0,2449.0,0.4357,0.6471878184943698,0.668915231382778,0.8213235143422335
LKA,Sri Lanka,Asia,21575842.0,24.7873,2.40712595,77.45083261,23.19108064,67.08723464,12.065979,99.0,6.947998983,87.6600036621094,97.9415735149907,4805.75371765917,279.27058410999996,2.615,97.0,8.6,2.255,17845429.5,63.8573092590878,31181.0,783.0,2.5116,0.48287500116152937,0.473030978489054,0.6837820374321154
LMY,Low & middle income,,5797805.0,15.21878,10.60000038,75.0010583,20.38805674,65.19040807,21.059428,93.5,13.316700793,87.6600036621094,97.6403544846485,6472.54544924705,279.27058410999996,2.1149999999999998,94.0,9.7,2.376,9694824.0,63.8573092590878,128843.0,788.0,0.8749,0.4670086198755694,0.4778386914548347,0.5070889338846867
LSO,Lesotho,Africa,2175699.0,17.35353,10.60001993,48.96196271,14.32705831,45.04266302,7.0800096,92.0,69.503726474,49.0,70.944581483911,1960.40808854893,61.43383788999999,1.1400000000000001,77.5,25.25,0.1265,12491045.5,46.293553777071,16610.0,332.0,2.0007,0.25566369694591295,0.20952989939034783,-0.6622560686121564
LTE,Late-demographic dividend,,5797805.0,15.21878,10.60000038,75.0010583,20.38805674,65.19040807,21.059428,93.5,13.316700793,87.6600036621094,97.6403544846485,6472.54544924705,279.27058410999996,2.1149999999999998,94.0,9.7,2.376,9694824.0,63.8573092590878,128843.0,788.0,0.8749,0.4670086198755694,0.4778386914548347,0.5070889338846867
LTU,Lithuania,Europe,2661708.0,11.52105,0.050000001,80.81523162,23.79608232,66.22751262,25.385439,92.0,3.258356636,99.61000061035155,99.98573708972265,40408.2848574751,2908.83154297,5.050000000000001,95.0,2.3,3.892,5668014.0,72.76538205339385,525154.0,3718.0,0.708,0.6471878184943698,0.668915231382778,0.8203736064813412
LUX,Luxembourg,Europe,642371.0,9.24749,3.980000019,82.80168339,26.21669794,71.45517211,16.51611,99.0,1.908238122,99.61000061035155,99.98573708972265,40408.2848574751,2908.83154297,5.050000000000001,95.0,2.3,3.892,5668014.0,72.76538205339385,609044.0,1918.0,0.3149,0.6471878184943698,0.668915231382778,0.8566231311455523
LVA,Latvia,Europe,1848837.0,12.02183,0.039999999,79.97065759,17.4424281,66.02158296,22.750331,99.0,3.355549308,99.61000061035155,99.98573708972265,40408.2848574751,2908.83154297,5.050000000000001,95.0,2.3,3.892,5668014.0,72.76538205339385,531418.0,3632.0,0.6835,0.6471878184943698,0.668915231382778,0.7974852703392475
MAC,Macao,Asia,667490.0,27.16498,1.205510855,74.57707156,20.39267473,65.53234464,17.022085,96.0,13.614667316,87.6600036621094,97.9415735149907,4805.75371765917,279.27058410999996,2.615,97.0,8.6,2.255,17845429.5,63.8573092590878,41458.0,184.0,0.4445,0.48287500116152937,0.473030978489054,0.5590907359622138
MAF,Saint Martin,North America,39730.0,10.22044,46.3327198,75.29554064,21.44475675,65.4608084,31.235856,93.5,12.224410456,91.40634550729564,96.7258902380545,11673.7394555761,465.63766479,2.1149999999999998,92.0,9.7,2.3970000000000002,385829.0,71.4382284948964,310194.0,1586.0,0.5112,0.46438071639994716,0.5417096279086174,0.2744232305723171
MAR,Morocco,Africa,37772756.0,13.20429,10.60001993,74.64020752,19.59489881,63.04346629,20.234507,99.0,16.072459993,49.0,70.944581483911,1960.40808854893,61.43383788999999,1.1400000000000001,77.5,25.25,0.1265,12491045.5,46.293553777071,33860.0,432.0,1.2747,0.25566369694591295,0.20952989939034783,0.47372911553825486
MCO,Monaco,Europe,39783.0,9.21092,0.179999996,80.90340137,23.28289156,69.14331489,21.059428,99.0,2.829076104,99.61000061035155,99.98573708972265,40408.2848574751,2908.83154297,5.050000000000001,95.0,2.3,3.892,5668014.0,72.76538205339385,431868.0,1684.0,0.39,0.6471878184943698,0.668915231382778,0.8254980472099672
MDA,Moldova,Europe,4013171.0,13.63296,28.51000023,77.17009696,20.91747842,62.01226444,23.001324,91.0,12.113294628,99.61000061035155,99.98573708972265,40408.2848574751,2908.83154297,5.050000000000001,95.0,2.3,3.892,5668014.0,72.76538205339385,158265.0,3044.0,1.9237,0.6471878184943698,0.668915231382778,0.44909402650193353
MDG,Madagascar,Africa,29178077.0,16.74053,143.014328,62.82869781,16.57455622,56.23068761,3.5396978,69.0,44.475065878,49.0,70.944581483911,1960.40808854893,61.43383788999999,1.1400000000000001,77.5,25.25,0.1265,12491045.5,46.293553777071,2347.0,49.0,2.0822,0.25566369694591295,0.20952989939034783,-1.007874480748061
MDV,Maldives,Asia,540985.0,12.34235,5.731867313,74.40609129,17.31876986,66.9146939,15.191363,98.0,6.97885464,87.6600036621094,97.9415735149907,4805.75371765917,279.27058410999996,2.615,97.0,8.6,2.255,17845429.5,63.8573092590878,345100.0,584.0,0.1693,0.48287500116152937,0.473030978489054,0.5805409562379538
MEA,"Middle East, North Africa, Afghanistan & Pakistan",,5797805.0,15.21878,10.60000038,75.0010583,20.38805674,65.19040807,21.059428,93.5,13.316700793,87.6600036621094,97.6403544846485,6472.54544924705,279.27058410999996,2.1149999999999998,94.0,9.7,2.376,9694824.0,63.8573092590878,128843.0,788.0,0.8749,0.4670086198755694,0.4778386914548347,0.5070889338846867
MEX,Mexico,North America,131562772.0,17.82781,0.958170772,72.80039996,23.30048209,65.4608084,38.244709,82.0,12.224410456,91.40634550729564,96.7258902380545,11673.7394555761,465.63766479,2.1149999999999998,92.0,9.7,2.3970000000000002,385829.0,71.4382284948964,58549.0,2546.0,4.3485,0.46438071639994716,0.5417096279086174,0.5263613815361949
MHL,Marshall Islands,Australia-Oceania,60057.0,7.21485,0.034125432,68.527122495,17.45140595,60.37984099,36.069244,79.0,23.088162568,87.6600036621094,97.67658476709235,13712.331325228035,254.83047485,2.1149999999999998,94.0,12.6,3.808,596966.5,59.2461548826604,268711.0,283.0,0.1053,0.499516567513225,0.47979522832656557,0.3266664180332674
MIC,Middle income,,5797805.0,15.21878,10.60000038,75.0010583,20.38805674,65.19040807,21.059428,93.5,13.316700793,87.6600036621094,97.6403544846485,6472.54544924705,279.27058410999996,2.1149999999999998,94.0,9.7,2.376,9694824.0,63.8573092590878,128843.0,788.0,0.8749,0.4670086198755694,0.4778386914548347,0.5070889338846867
MKD,Macedonia,Europe,2081304.0,28.67453,0.289999992,76.25125293,19.22674415,67.24905293,25.592792,92.0,6.464109731,99.61000061035155,99.98573708972265,40408.2848574751,2908.83154297,5.050000000000001,95.0,2.3,3.892,5668014.0,72.76538205339385,168436.0,4793.0,2.8457,0.6471878184943698,0.668915231382778,0.6713735168964122
MLI,Mali,Africa,21473764.0,48.51211,10.20003986,62.40969963,17.17561491,54.22892621,11.376632,77.0,63.666079934,49.0,70.944581483911,1960.40808854893,61.43383788999999,1.1400000000000001,77.5,25.25,0.1265,12491045.5,46.293553777071,1544.0,35.0,2.2404,0.25566369694591295,0.20952989939034783,-0.25668233806466684
MLT,Malta,Europe,444033.0,13.08215,0.100000001,82.14647613,26.02877507,71.16284153,28.509375,98.0,5.725326528,99.61000061035155,99.98573708972265,40408.2848574751,2908.83154297,5.050000000000001,95.0,2.3,3.892,5668014.0,72.76538205339385,273448.0,1993.0,0.7289,0.6471878184943698,0.668915231382778,0.8334771153911786
MMR,Myanmar,Asia,55227143.0,27.16498,2.40712595,72.04070291,16.06203628,60.66155073,6.6679314,90.0,42.915951748,87.6600036621094,97.9415735149907,4805.75371765917,279.27058410999996,2.615,97.0,8.6,2.255,17845429.5,63.8573092590878,11622.0,353.0,3.0372,0.48287500116152937,0.473030978489054,0.23003604003065778
MNA,"Middle East, North Africa, Afghanistan & Pakistan (excluding high income)",,5797805.0,15.21878,10.60000038,75.0010583,20.38805674,65.19040807,21.059428,93.5,13.316700793,87.6600036621094,97.6403544846485,6472.54544924705,279.27058410999996,2.1149999999999998,94.0,9.7,2.376,9694824.0,63.8573092590878,128843.0,788.0,0.8749,0.4670086198755694,0.4778386914548347,0.5070889338846867
MNE,Montenegro,Europe,627950.0,17.93198,11.43999958,79.72626097,20.2538438,67.25294148,18.625109,87.0,2.618647269,99.61000061035155,99.98573708972265,40408.2848574751,2908.83154297,5.050000000000001,95.0,2.3,3.892,5668014.0,72.76538205339385,472238.0,4532.0,0.9597,0.6471878184943698,0.668915231382778,0.7177673984707625
MNG,Mongolia,Asia,3378078.0,41.30377,0.0,75.46643608,20.51922468,58.88794485,24.522434,98.0,12.790449832,87.6600036621094,97.9415735149907,4805.75371765917,279.27058410999996,2.615,97.0,8.6,2.255,17845429.5,63.8573092590878,299429.0,676.0,0.2258,0.48287500116152937,0.473030978489054,0.5979593007106498
MOZ,Mozambique,Africa,33089461.0,17.51395,10.60001993,55.38510307,12.9216677,50.6474368,5.0958686,85.0,49.699023834,49.0,70.944581483911,1960.40808854893,61.43383788999999,1.1400000000000001,77.5,25.25,0.1265,12491045.5,46.293553777071,7064.0,68.0,0.9626,0.25566369694591295,0.20952989939034783,-0.3222283488597548
MRT,Mauritania,Africa,4901981.0,35.06875,6.266088963,70.17546548,18.89091528,61.59490029,31.802788,80.0,34.80835813,49.0,70.944581483911,1960.40808854893,61.43383788999999,1.1400000000000001,77.5,25.25,0.1265,12491045.5,46.293553777071,13025.0,203.0,1.5615,0.25566369694591295,0.20952989939034783,0.2245594080967667
MSR,Montserrat,North America,4965.0,10.22044,46.3327198,75.29554064,21.44475675,65.4608084,31.235856,93.5,6.979104733,91.40634550729564,96.7258902380545,11673.7394555761,465.63766479,2.1149999999999998,92.0,9.7,2.3970000000000002,385829.0,71.4382284948964,282578.0,1611.0,0.5702,0.46438071639994716,0.5417096279086174,0.3199351816511047
MTQ,Martinique,North America,374087.0,10.22044,46.3327198,75.29554064,21.44475675,65.4608084,31.235856,93.5,12.224410456,91.40634550729564,96.7258902380545,11673.7394555761,465.63766479,2.1149999999999998,92.0,9.7,2.3970000000000002,385829.0,71.4382284948964,615777.0,2946.0,0.4784,0.46438071639994716,0.5417096279086174,0.2744232305723171
MUS,Mauritius,Africa,1274727.0,10.48182,0.775435328,77.42885789,22.08919176,66.11935948,12.112731,96.0,15.416664519,49.0,70.944581483911,1960.40808854893,61.43383788999999,1.1400000000000001,77.5,25.25,0.1265,12491045.5,46.293553777071,33752.0,824.0,2.4428,0.25566369694591295,0.20952989939034783,0.621135834557317
MWI,Malawi,Africa,20180839.0,18.53727,10.60001993,60.42691492,14.1874587,54.19579338,6.5726653,95.0,37.429025603,49.0,70.944581483911,1960.40808854893,61.43383788999999,1.1400000000000001,77.5,25.25,0.1265,12491045.5,46.293553777071,4437.0,133.0,2.9999,0.25566369694591295,0.20952989939034783,-0.08374673020793882
MYS,Malaysia,Asia,33181072.0,23.74462,8.10572052,72.7078106,20.79274958,65.48693368,15.959963,98.0,6.092760777,87.6600036621094,97.9415735149907,4805.75371765917,279.27058410999996,2.615,97.0,8.6,2.255,17845429.5,63.8573092590878,159079.0,1126.0,0.7076,0.48287500116152937,0.473030978489054,0.5271615887018495
MYT,Mayotte,Africa,286259.0,26.38989,10.60001993,63.550945515,16.760297985,55.92971273,9.76349415,86.5,41.358039491,49.0,70.944581483911,1960.40808854893,61.43383788999999,1.1400000000000001,77.5,25.25,0.1265,12491045.5,46.293553777071,146815.0,657.0,0.4473,0.25566369694591295,0.20952989939034783,-0.03603569592171857
NAC,North America,,5797805.0,15.21878,10.60000038,75.0010583,20.38805674,65.19040807,21.059428,93.5,13.316700793,87.6600036621094,97.6403544846485,6472.54544924705,279.27058410999996,2.1149999999999998,94.0,9.7,2.376,9694824.0,63.8573092590878,128843.0,788.0,0.8749,0.4670086198755694,0.4778386914548347,0.5070889338846867
NAM,Namibia,Africa,2633874.0,11.81074,10.60001993,59.98828346,14.23860158,55.53160284,15.936892,87.0,40.18741881,49.0,70.944581483911,1960.40808854893,61.43383788999999,1.1400000000000001,77.5,25.25,0.1265,12491045.5,46.293553777071,65451.0,1559.0,2.3818,0.25566369694591295,0.20952989939034783,-0.11916593286569976
NCL,New Caledonia,Australia-Oceania,290915.0,7.995995,0.034125432,68.527122495,17.45140595,60.37984099,45.034622999999996,94.5,18.897071967000002,87.6600036621094,97.67658476709235,13712.331325228035,254.83047485,2.1149999999999998,94.0,12.6,3.808,596966.5,59.2461548826604,275214.0,1079.0,0.3922,0.499516567513225,0.47979522832656557,0.36303125937379926
NER,Niger,Africa,26083660.0,59.52592,4.814674854,59.64390691,17.23890832,53.3125254,5.1939301,81.0,74.281539578,49.0,70.944581483911,1960.40808854893,61.43383788999999,1.1400000000000001,77.5,25.25,0.1265,12491045.5,46.293553777071,381.0,12.0,3.1417,0.25566369694591295,0.20952989939034783,-0.38355493891171055
NGA,Nigeria,Africa,216746934.0,56.02286,2.750451088,63.06578367,18.61056669,54.95370169,7.28053,66.0,60.363519557,49.0,70.944581483911,1960.40808854893,61.43383788999999,1.1400000000000001,77.5,25.25,0.1265,12491045.5,46.293553777071,1233.0,15.0,1.1808,0.25566369694591295,0.20952989939034783,-0.1587578139561542
NIC,Nicaragua,North America,6779100.0,16.27073,46.3327198,76.29703806,24.50439571,67.68334258,36.847726,93.5,10.723872024,91.40634550729564,96.7258902380545,11673.7394555761,465.63766479,2.1149999999999998,92.0,9.7,2.3970000000000002,385829.0,71.4382284948964,2728.0,33.0,1.2168,0.46438071639994716,0.5417096279086174,0.31366689923025803
NIU,Niue,Australia-Oceania,1622.0,6.74203,0.034125432,68.527122495,17.45140595,60.37984099,68.179607,99.0,28.069293936,87.6600036621094,97.67658476709235,13712.331325228035,254.83047485,2.1149999999999998,94.0,12.6,3.808,596966.5,59.2461548826604,652898.0,0.0,0.0,0.499516567513225,0.47979522832656557,0.2834466289286256
NLD,Netherlands,Europe,17211447.0,9.95689,0.0,83.76002655,23.4308082,71.08018106,14.415072,94.0,3.490367192,99.61000061035155,99.98573708972265,40408.2848574751,2908.83154297,5.050000000000001,95.0,2.3,3.892,5668014.0,72.76538205339385,501747.0,1336.0,0.2662,0.6471878184943698,0.668915231382778,0.8958188113285671
NOR,Norway,Europe,5511370.0,5.83101,2.25999999,82.65752051,25.78109854,71.042668,19.461627,97.0,1.767525046,99.61000061035155,99.98573708972265,40408.2848574751,2908.83154297,5.050000000000001,95.0,2.3,3.892,5668014.0,72.76538205339385,273930.0,1204.0,0.4397,0.6471878184943698,0.668915231382778,0.8660959568207085
NPL,Nepal,Asia,30225582.0,36.92222,0.606519401,73.10385136,17.64224634,62.07627915,7.2070643,93.0,27.286268642,87.6600036621094,97.9415735149907,4805.75371765917,279.27058410999996,2.615,97.0,8.6,2.255,17845429.5,63.8573092590878,33199.0,398.0,1.199,0.48287500116152937,0.473030978489054,0.40607878548738724
NRU,Nauru,Australia-Oceania,10903.0,7.40486,0.0,68.527122495,17.45140595,60.37984099,67.63494,96.0,12.335887391,87.6600036621094,97.67658476709235,13712.331325228035,254.83047485,2.1149999999999998,94.0,12.6,3.808,596966.5,59.2461548826604,494635.0,92.0,0.0185,0.499516567513225,0.47979522832656557,0.4201993137067653
NZL,New Zealand,Australia-Oceania,4898203.0,8.6909,12.7616663,83.43149082,23.60021022,69.98288946,32.297948,92.0,4.643567087,87.6600036621094,97.67658476709235,13712.331325228035,254.83047485,2.1149999999999998,94.0,12.6,3.808,596966.5,59.2461548826604,535117.0,1163.0,0.2174,0.499516567513225,0.47979522832656557,0.7879767382883991
OED,OECD members,,5797805.0,15.21878,10.60000038,75.0010583,20.38805674,65.19040807,21.059428,93.5,13.316700793,87.6600036621094,97.6403544846485,6472.54544924705,279.27058410999996,2.1149999999999998,94.0,9.7,2.376,9694824.0,63.8573092590878,128843.0,788.0,0.8749,0.4670086198755694,0.4778386914548347,0.5070889338846867
OMN,Oman,Asia,5323993.0,34.88286,8.221993446,73.09120361,17.83432309,65.53234464,24.722171,99.0,8.7382931,87.6600036621094,97.9415735149907,4805.75371765917,279.27058410999996,2.615,97.0,8.6,2.255,17845429.5,63.8573092590878,75028.0,869.0,1.1586,0.48287500116152937,0.473030978489054,0.5134331234757636
OSS,Other small states,,5797805.0,15.21878,10.60000038,75.0010583,20.38805674,65.19040807,21.059428,93.5,13.316700793,87.6600036621094,97.6403544846485,6472.54544924705,279.27058410999996,2.1149999999999998,94.0,9.7,2.376,9694824.0,63.8573092590878,128843.0,788.0,0.8749,0.4670086198755694,0.4778386914548347,0.5070889338846867
PAK,Pakistan,Asia,229488994.0,53.17531,2.40712595,66.29626655,18.10603697,58.11755932,16.437876,84.0,56.837922373,87.6600036621094,97.9415735149907,4805.75371765917,279.27058410999996,2.615,97.0,8.6,2.255,17845429.5,63.8573092590878,6893.0,134.0,1.9384,0.48287500116152937,0.473030978489054,-0.04117728649368104
PAN,Panama,North America,4446964.0,11.84933,68.37104797,78.97361247,23.98345302,68.31230743,39.892244,88.0,11.639161652,91.40634550729564,96.7258902380545,11673.7394555761,465.63766479,2.1149999999999998,92.0,9.7,2.3970000000000002,385829.0,71.4382284948964,238341.0,1962.0,0.8234,0.46438071639994716,0.5417096279086174,0.22171185404295435
PER,Peru,South America,33684208.0,27.53704,39.41300583,79.88216077,24.09812852,67.96621623,28.544596,88.0,12.773119756,94.57131334997685,95.41614476396654,6472.54544924705,507.06231689,2.02,91.0,7.4,2.3354999999999997,19197744.0,77.4595528518377,135751.0,6595.0,4.8585,0.4554984946667363,0.5664195443590224,0.4381464382211852
PHL,Philippines,Asia,112508994.0,25.38986,33.03781891,69.42943033,19.51672511,63.46675739,9.2347756,84.0,25.167244147,87.6600036621094,97.9415735149907,4805.75371765917,279.27058410999996,2.615,97.0,8.6,2.255,17845429.5,63.8573092590878,36800.0,594.0,1.6149,0.48287500116152937,0.473030978489054,0.10148160308793491
PLW,Palau,Australia-Oceania,18233.0,7.91813,0.0,68.527122495,17.45140595,60.37984099,40.442875,97.0,19.925837159,87.6600036621094,97.67658476709235,13712.331325228035,254.83047485,2.1149999999999998,94.0,12.6,3.808,596966.5,59.2461548826604,344979.0,548.0,0.159,0.499516567513225,0.47979522832656557,0.3543435865530571
PNG,Papua New Guinea,Australia-Oceania,9292169.0,8.78165,0.034125432,65.57131706,16.33966153,58.92219493,14.877182,35.0,38.973795674,87.6600036621094,97.67658476709235,13712.331325228035,254.83047485,2.1149999999999998,94.0,12.6,3.808,596966.5,59.2461548826604,5043.0,72.0,1.4297,0.499516567513225,0.47979522832656557,0.11143454135231852
POL,Poland,Europe,37739785.0,19.89664,0.039999999,77.72984544,19.23284289,65.08437617,25.795126,95.0,3.815235195,99.61000061035155,99.98573708972265,40408.2848574751,2908.83154297,5.050000000000001,95.0,2.3,3.892,5668014.0,72.76538205339385,176524.0,3196.0,1.8102,0.6471878184943698,0.668915231382778,0.7348216401452624
PRE,Pre-demographic dividend,,5797805.0,15.21878,10.60000038,75.0010583,20.38805674,65.19040807,21.059428,93.5,13.316700793,87.6600036621094,97.6403544846485,6472.54544924705,279.27058410999996,2.1149999999999998,94.0,9.7,2.376,9694824.0,63.8573092590878,128843.0,788.0,0.8749,0.4670086198755694,0.4778386914548347,0.5070889338846867
PRK,"Korea, Dem. People's Rep.",Asia,25990679.0,41.80017,2.40712595,72.31891378,20.39267473,66.14803647,11.467454,97.0,15.826211582,87.6600036621094,93.8236874339691,4805.75371765917,279.27058410999996,2.615,99.0,9.5,2.255,26037632.0,62.3542226611578,183636.0,3.0,0.0016,0.47652067024137423,0.4668617223872062,0.47237050222111837
PRT,Portugal,Europe,10140570.0,7.6297,0.119999997,84.14959418,24.19774619,71.20192007,20.135899,99.0,2.534649752,99.61000061035155,99.98573708972265,40408.2848574751,2908.83154297,5.050000000000001,95.0,2.3,3.892,5668014.0,72.76538205339385,556484.0,2774.0,0.4984,0.6471878184943698,0.668915231382778,0.9134729346347004
PRY,Paraguay,South America,7305843.0,12.48736,41.82795715,78.16363997,19.22067728,64.87178917,33.411655,86.0,18.846367739,94.57131334997685,95.41614476396654,6472.54544924705,507.06231689,2.02,91.0,7.4,2.3354999999999997,19197744.0,77.4595528518377,114648.0,2759.0,2.4063,0.4554984946667363,0.5664195443590224,0.32356558759767345
PSE,Palestine,Asia,5345541.0,30.8191,2.40712595,77.59649042,20.89568915,65.19040807,36.713645,99.0,13.643281181,87.6600036621094,97.9415735149907,4805.75371765917,279.27058410999996,2.615,97.0,8.6,2.255,17845429.5,63.8573092590878,116173.0,1011.0,0.8702,0.48287500116152937,0.473030978489054,0.6295030847643094
PSS,Pacific island small states,,5797805.0,15.21878,10.60000038,75.0010583,20.38805674,65.19040807,21.059428,93.5,13.316700793,87.6600036621094,97.6403544846485,6472.54544924705,279.27058410999996,2.1149999999999998,94.0,9.7,2.376,9694824.0,63.8573092590878,128843.0,788.0,0.8749,0.4670086198755694,0.4778386914548347,0.5070889338846867
PST,Post-demographic dividend,,5797805.0,15.21878,10.60000038,75.0010583,20.38805674,65.19040807,21.059428,93.5,13.316700793,87.6600036621094,97.6403544846485,6472.54544924705,279.27058410999996,2.1149999999999998,94.0,9.7,2.376,9694824.0,63.8573092590878,128843.0,788.0,0.8749,0.4670086198755694,0.4778386914548347,0.5070889338846867
PYF,French Polynesia,Australia-Oceania,284164.0,7.995995,0.034125432,68.527122495,17.45140595,60.37984099,44.472617,94.5,18.897071967000002,87.6600036621094,100.0,21582.5892046801,254.83047485,2.1149999999999998,94.0,12.6,3.808,279034.0,61.7824142427508,278902.0,2287.0,0.8201,0.5067420041488158,0.512906091147033,0.36303125937379926
QAT,Qatar,Asia,2979915.0,59.03746,0.0,78.489898,21.83192429,66.5449075,38.43073,98.0,5.698440484,87.6600036621094,97.9415735149907,4805.75371765917,279.27058410999996,2.615,97.0,8.6,2.255,17845429.5,63.8573092590878,172664.0,232.0,0.1341,0.48287500116152937,0.473030978489054,0.7386630976952032
REU,Réunion,Africa,908061.0,26.38989,10.60001993,63.550945515,16.760297985,55.92971273,9.76349415,86.5,41.358039491,49.0,70.944581483911,1960.40808854893,61.43383788999999,1.1400000000000001,77.5,25.25,0.1265,12491045.5,46.293553777071,544672.0,1014.0,0.1862,0.25566369694591295,0.20952989939034783,-0.03603569592171857
ROU,Romania,Europe,19031335.0,13.70931,35.88000107,75.4603753,20.20930333,68.63632584,32.239261,88.0,6.101475935,99.61000061035155,99.98573708972265,40408.2848574751,2908.83154297,5.050000000000001,95.0,2.3,3.892,5668014.0,72.76538205339385,185470.0,3622.0,1.9528,0.6471878184943698,0.668915231382778,0.40495486854565627
RUS,Russia,Europe,145805947.0,9.07835,0.100000001,68.16534912,16.79571281,63.7170407,21.712384,97.0,4.236391441,99.61000061035155,99.98573708972265,40408.2848574751,2908.83154297,5.050000000000001,95.0,2.3,3.892,5668014.0,72.76538205339385,165454.0,2762.0,1.6695,0.6471878184943698,0.668915231382778,0.48030405017230593
RWA,Rwanda,Africa,13600464.0,35.65776,10.60001993,67.75562916,16.50356873,58.14966349,6.3186757,98.0,28.384273334,49.0,70.944581483911,1960.40808854893,61.43383788999999,1.1400000000000001,77.5,25.25,0.1265,12491045.5,46.293553777071,9817.0,108.0,1.0995,0.25566369694591295,0.20952989939034783,0.18663232634309762
SAS,South Asia,,5797805.0,15.21878,10.60000038,75.0010583,20.38805674,65.19040807,21.059428,93.5,13.316700793,87.6600036621094,97.6403544846485,6472.54544924705,279.27058410999996,2.1149999999999998,94.0,9.7,2.376,9694824.0,63.8573092590878,128843.0,788.0,0.8749,0.4670086198755694,0.4778386914548347,0.5070889338846867
SAU,Saudi Arabia,Asia,35844909.0,60.72744,2.40712595,77.74939572,20.65075057,66.37262383,45.416051,96.0,5.767741321,87.6600036621094,97.9415735149907,4805.75371765917,279.27058410999996,2.615,97.0,8.6,2.255,17845429.5,63.8573092590878,23475.0,269.0,1.1463,0.48287500116152937,0.473030978489054,0.7018405766553355
SDN,Sudan,Africa,45992020.0,24.42023,10.60001993,70.54966599,19.04331081,59.97923672,15.029238,93.0,48.901433008,49.0,70.944581483911,1960.40808854893,61.43383788999999,1.1400000000000001,77.5,25.25,0.1265,12491045.5,46.293553777071,1391.0,110.0,7.8852,0.25566369694591295,0.20952989939034783,0.08177217483459781
SEN,Senegal,Africa,17653671.0,37.58251,4.254123688,70.28443603,17.90351657,59.62043743,9.2709564,91.0,30.351145657,49.0,70.944581483911,1960.40808854893,61.43383788999999,1.1400000000000001,77.5,25.25,0.1265,12491045.5,46.293553777071,5044.0,112.0,2.2133,0.25566369694591295,0.20952989939034783,0.2801549520996997
SGP,Singapore,Asia,5943546.0,13.33302,2.40712595,81.81366361,24.04504657,74.88561047,13.06836,97.0,2.157008079,87.6600036621094,97.9415735149907,4805.75371765917,279.27058410999996,2.615,97.0,8.6,2.255,17845429.5,63.8573092590878,505785.0,341.0,0.0673,0.48287500116152937,0.473030978489054,0.8395916095087631
SHN,Saint Helena,Africa,6115.0,26.38989,10.60001993,63.550945515,16.760297985,55.92971273,9.76349415,86.5,41.358039491,49.0,70.944581483911,1960.40808854893,61.43383788999999,1.1400000000000001,77.5,25.25,0.1265,12491045.5,46.293553777071,354211.0,0.0,0.0,0.25566369694591295,0.20952989939034783,-0.03603569592171857
SLB,Solomon Islands,Australia-Oceania,721159.0,8.783,49.09999847,68.28887157,14.67311809,59.34106147,16.50852,94.0,18.343665983,87.6600036621094,97.67658476709235,13712.331325228035,254.83047485,2.1149999999999998,94.0,12.6,3.808,596966.5,59.2461548826604,35989.0,276.0,0.7667,0.499516567513225,0.47979522832656557,0.01851084265950459
SLE,Sierra Leone,Africa,8306436.0,45.41834,10.60001993,59.49619885,16.87222398,52.5846221,6.6132195,95.0,58.18897673,49.0,70.944581483911,1960.40808854893,61.43383788999999,1.1400000000000001,77.5,25.25,0.1265,12491045.5,46.293553777071,937.0,15.0,1.6197,0.25566369694591295,0.20952989939034783,-0.2882451794603603
SLV,El Salvador,North America,6550389.0,22.75701,46.3327198,78.73287473,23.48366213,60.89421557,21.410958,96.0,11.60821356,89.1399993896484,89.3527800998874,4320.11671534627,380.53384399,1.07,96.0,5.3,2.3970000000000002,6222318.0,72.4148941040039,30816.0,646.0,2.0956,0.43469119271601464,0.5137674144659988,0.369775470349362
SMR,San Marino,Europe,34085.0,9.84868,1.230000019,80.90340137,23.28289156,69.14331489,21.059428,88.0,1.720192162,99.61000061035155,99.98573708972265,40408.2848574751,2908.83154297,5.050000000000001,95.0,2.3,3.892,5668014.0,72.76538205339385,768226.0,3755.0,0.4888,0.6471878184943698,0.668915231382778,0.8277775800970272
SOM,Somalia,Africa,16841795.0,14.27733,10.60001993,52.8661225,12.42045636,47.27852136,4.8034437,57.0,75.733516055,49.0,70.944581483911,1960.40808854893,61.43383788999999,1.1400000000000001,77.5,25.25,0.1265,12491045.5,46.293553777071,1623.0,81.0,4.9791,0.25566369694591295,0.20952989939034783,-0.6140807013257581
SPM,Saint Pierre Miquelon,North America,5759.0,10.22044,46.3327198,75.29554064,21.44475675,65.4608084,31.235856,93.5,12.224410456,91.40634550729564,96.7258902380545,11673.7394555761,465.63766479,2.1149999999999998,92.0,9.7,2.3970000000000002,385829.0,71.4382284948964,599410.0,347.0,0.0579,0.46438071639994716,0.5417096279086174,0.2744232305723171
SRB,Serbia,Europe,8653016.0,21.73909,0.270000011,75.91665371,17.92946342,67.93572728,18.723874,97.0,5.355053695,99.61000061035155,99.98573708972265,40408.2848574751,2908.83154297,5.050000000000001,95.0,2.3,3.892,5668014.0,72.76538205339385,302213.0,2087.0,0.6905,0.6471878184943698,0.668915231382778,0.6723749188460371
SSA,Sub-Saharan Africa (excluding high income),,5797805.0,15.21878,10.60000038,75.0010583,20.38805674,65.19040807,21.059428,93.5,13.316700793,87.6600036621094,97.6403544846485,6472.54544924705,279.27058410999996,2.1149999999999998,94.0,9.7,2.376,9694824.0,63.8573092590878,128843.0,788.0,0.8749,0.4670086198755694,0.4778386914548347,0.5070889338846867
SSD,South Sudan,Africa,11618511.0,20.647,10.60001993,56.78408521,16.64837199,52.00308451,4.2486094,61.0,66.726309281,49.0,70.944581483911,1960.40808854893,61.43383788999999,1.1400000000000001,77.5,25.25,0.1265,12491045.5,46.293553777071,1620.0,13.0,0.7811,0.25566369694591295,0.20952989939034783,-0.4333370418804257
SSF,Sub-Saharan Africa,,5797805.0,15.21878,10.60000038,75.0010583,20.38805674,65.19040807,21.059428,93.5,13.316700793,87.6600036621094,97.6403544846485,6472.54544924705,279.27058410999996,2.1149999999999998,94.0,9.7,2.376,9694824.0,63.8573092590878,128843.0,788.0,0.8749,0.4670086198755694,0.4778386914548347,0.5070889338846867
SST,Small states,,5797805.0,15.21878,10.60000038,75.0010583,20.38805674,65.19040807,21.059428,93.5,13.316700793,87.6600036621094,97.6403544846485,6472.54544924705,279.27058410999996,2.1149999999999998,94.0,9.7,2.376,9694824.0,63.8573092590878,128843.0,788.0,0.8749,0.4670086198755694,0.4778386914548347,0.5070889338846867
STP,Sao Tome and Principe,Africa,227679.0,36.23517,10.60001993,73.18211267,17.7725705,62.80270775,14.763755,95.0,9.977687953,49.0,70.944581483911,1960.40808854893,61.43383788999999,1.1400000000000001,77.5,25.25,0.1265,12491045.5,46.293553777071,29770.0,351.0,1.1803,0.25566369694591295,0.20952989939034783,0.488431804408548
SUR,Suriname,South America,596831.0,12.17056,1.851508975,73.02285851,20.68990284,63.11979056,17.454103,77.0,19.139002371,94.57131334997685,95.41614476396654,6472.54544924705,507.06231689,2.02,91.0,7.4,2.3354999999999997,19197744.0,77.4595528518377,138378.0,2359.0,1.7048,0.4554984946667363,0.5664195443590224,0.46594405657911225
SVK,Slovakia,Europe,5460193.0,16.63755,26.87999916,80.90340137,23.51496331,67.47785011,27.703816,97.0,4.411346792,99.61000061035155,99.98573708972265,40408.2848574751,2908.83154297,5.050000000000001,95.0,2.3,3.892,5668014.0,72.76538205339385,343872.0,3887.0,1.1304,0.6471878184943698,0.668915231382778,0.6250745821922845
SVN,Slovenia,Europe,2078034.0,15.93989,0.059999999,84.03714131,23.8236893,71.68564858,22.142912,95.0,1.951905005,99.61000061035155,99.98573708972265,40408.2848574751,2908.83154297,5.050000000000001,95.0,2.3,3.892,5668014.0,72.76538205339385,652803.0,3417.0,0.5234,0.6471878184943698,0.668915231382778,0.9160042264814505
SWE,Sweden,Europe,10218971.0,5.95539,3.380000114,82.71414637,25.91262804,71.32730344,14.998071,98.0,2.155112219,99.61000061035155,99.98573708972265,40408.2848574751,2908.83154297,5.050000000000001,95.0,2.3,3.892,5668014.0,72.76538205339385,269511.0,2682.0,0.9951,0.6471878184943698,0.668915231382778,0.856384327814955
SWZ,Eswatini,Africa,1184817.0,15.71279,10.60001993,59.37615097,16.13448742,46.64054774,27.744937,90.0,52.903257871,49.0,74.3032304184965,3913.14577547336,320.05084229,1.1400000000000001,81.0,27.0,0.1265,1179874.0,24.3459549517751,63462.0,1204.0,1.8978,0.2859755074126841,0.12508085646200645,-0.24552599763486982
SXM,Sint Maarten,North America,43966.0,10.22044,46.3327198,75.29554064,21.44475675,65.4608084,31.235856,93.5,12.224410456,91.40634550729564,96.7258902380545,11673.7394555761,465.63766479,2.1149999999999998,92.0,9.7,2.3970000000000002,385829.0,71.4382284948964,251353.0,2093.0,0.8325,0.46438071639994716,0.5417096279086174,0.2744232305723171
SYC,Seychelles,Africa,99426.0,17.43533,69.0,76.65300423,21.23312106,62.52233283,27.877891,99.0,14.542542338,49.0,70.944581483911,1960.40808854893,61.43383788999999,1.1400000000000001,77.5,25.25,0.1265,12491045.5,46.293553777071,515157.0,1730.0,0.3358,0.25566369694591295,0.20952989939034783,0.13135774916955423
SYR,Syrian Arab Republic,Asia,19364809.0,24.89948,2.40712595,73.49105514,18.71446517,59.66442532,32.668421,67.0,21.519563828,87.6600036621094,97.9415735149907,4805.75371765917,279.27058410999996,2.615,97.0,8.6,2.255,17845429.5,63.8573092590878,2982.0,163.0,5.4812,0.48287500116152937,0.473030978489054,0.45366319655654674
TCA,Turks and Caicos Islands,North America,39741.0,10.22044,0.248570725,75.29554064,21.44475675,65.4608084,31.235856,93.5,4.246707336,91.40634550729564,96.7258902380545,11673.7394555761,465.63766479,2.1149999999999998,92.0,9.7,2.3970000000000002,385829.0,71.4382284948964,169900.0,1007.0,0.5924,0.46438071639994716,0.5417096279086174,0.6658778679506541
TCD,Chad,Africa,17413580.0,60.70114,10.60001993,59.37353739,15.33531524,51.7750884,5.8463652,53.0,65.467495826,30.6299991607666,50.4980631195055,893.336441643325,30.23690224,1.1400000000000001,40.0,33.2,0.052,16685223.0,24.2731047386633,442.0,11.0,2.5192,0.06834853276648464,0.029018114719495253,-0.3546105735561604
TEA,East Asia & Pacific (IDA & IBRD countries),,5797805.0,15.21878,10.60000038,75.0010583,20.38805674,65.19040807,21.059428,93.5,13.316700793,87.6600036621094,97.6403544846485,6472.54544924705,279.27058410999996,2.1149999999999998,94.0,9.7,2.376,9694824.0,63.8573092590878,128843.0,788.0,0.8749,0.4670086198755694,0.4778386914548347,0.5070889338846867
TEC,Europe & Central Asia (IDA & IBRD countries),,5797805.0,15.21878,10.60000038,75.0010583,20.38805674,65.19040807,21.059428,93.5,13.316700793,87.6600036621094,97.6403544846485,6472.54544924705,279.27058410999996,2.1149999999999998,94.0,9.7,2.376,9694824.0,63.8573092590878,128843.0,788.0,0.8749,0.4670086198755694,0.4778386914548347,0.5070889338846867
TGO,Togo,Africa,8680837.0,33.87421,10.60001993,63.64852176,16.38398124,55.80712266,9.9421658,86.0,36.083605296,49.0,70.944581483911,1960.40808854893,61.43383788999999,1.1400000000000001,77.5,25.25,0.1265,12491045.5,46.293553777071,4559.0,33.0,0.7328,0.25566369694591295,0.20952989939034783,0.012284002357426826
THA,Thailand,Asia,70078203.0,26.34244,0.0,73.3049176,23.43124953,67.1419192,16.517694,97.0,8.080303504,87.6600036621094,97.9415735149907,4805.75371765917,279.27058410999996,2.615,97.0,8.6,2.255,17845429.5,63.8573092590878,68069.0,494.0,0.7251,0.48287500116152937,0.473030978489054,0.5822290442707374
TJK,Tajikistan,Asia,9957464.0,53.85278,39.16928101,75.37171528,20.10328131,64.91224613,17.888746,97.0,23.286252178,87.6600036621094,97.9415735149907,4805.75371765917,279.27058410999996,2.615,97.0,8.6,2.255,17845429.5,63.8573092590878,1786.0,13.0,0.7028,0.48287500116152937,0.473030978489054,0.23052650556176002
TKL,Tokelau,Australia-Oceania,1378.0,7.995995,0.034125432,68.527122495,17.45140595,60.37984099,64.424163,94.5,18.897071967000002,87.6600036621094,97.67658476709235,13712.331325228035,254.83047485,2.1149999999999998,94.0,12.6,3.808,596966.5,59.2461548826604,58055.0,0.0,0.0,0.499516567513225,0.47979522832656557,0.36303125937379926
TLA,Latin America & the Caribbean (IDA & IBRD countries),,5797805.0,15.21878,10.60000038,75.0010583,20.38805674,65.19040807,21.059428,93.5,13.316700793,87.6600036621094,97.6403544846485,6472.54544924705,279.27058410999996,2.1149999999999998,94.0,9.7,2.376,9694824.0,63.8573092590878,128843.0,788.0,0.8749,0.4670086198755694,0.4778386914548347,0.5070889338846867
TLS,Timor-Leste,Asia,1369429.0,20.44614,2.40712595,67.01880118,17.95840629,59.97414469,1.8767636,83.0,43.73278581,87.6600036621094,97.9415735149907,4805.75371765917,279.27058410999996,2.615,97.0,8.6,2.255,17845429.5,63.8573092590878,17131.0,101.0,0.5882,0.48287500116152937,0.473030978489054,0.09145144723889634
TMN,"Middle East, North Africa, Afghanistan & Pakistan (IDA & IBRD)",,5797805.0,15.21878,10.60000038,75.0010583,20.38805674,65.19040807,21.059428,93.5,13.316700793,87.6600036621094,97.6403544846485,6472.54544924705,279.27058410999996,2.1149999999999998,94.0,9.7,2.376,9694824.0,63.8573092590878,128843.0,788.0,0.8749,0.4670086198755694,0.4778386914548347,0.5070889338846867
TON,Tonga,Australia-Oceania,107749.0,7.74054,0.034125432,70.37704437,20.6496087,64.05438576,77.967185,99.0,8.850802184,87.6600036621094,97.67658476709235,13712.331325228035,254.83047485,2.1149999999999998,94.0,12.6,3.808,596966.5,59.2461548826604,157310.0,121.0,0.0767,0.499516567513225,0.47979522832656557,0.49863945630044254
TSA,South Asia (IDA & IBRD),,5797805.0,15.21878,10.60000038,75.0010583,20.38805674,65.19040807,21.059428,93.5,13.316700793,87.6600036621094,97.6403544846485,6472.54544924705,279.27058410999996,2.1149999999999998,94.0,9.7,2.376,9694824.0,63.8573092590878,128843.0,788.0,0.8749,0.4670086198755694,0.4778386914548347,0.5070889338846867
TSS,Sub-Saharan Africa (IDA & IBRD countries),,5797805.0,15.21878,10.60000038,75.0010583,20.38805674,65.19040807,21.059428,93.5,13.316700793,87.6600036621094,97.6403544846485,6472.54544924705,279.27058410999996,2.1149999999999998,94.0,9.7,2.376,9694824.0,63.8573092590878,128843.0,788.0,0.8749,0.4670086198755694,0.4778386914548347,0.5070889338846867
TTO,Trinidad and Tobago,North America,1406585.0,10.39275,46.3327198,74.09327397,21.44475675,66.1063286,32.415411,93.0,17.120112884,91.40634550729564,96.7258902380545,11673.7394555761,465.63766479,2.1149999999999998,92.0,9.7,2.3970000000000002,385829.0,71.4382284948964,136143.0,3121.0,2.2925,0.46438071639994716,0.5417096279086174,0.20046364832437957
TUN,Tunisia,Africa,12046656.0,25.35189,6.199999809,77.50537971,23.33161459,66.6757488,17.836267,98.0,13.244113693,49.0,70.944581483911,1960.40808854893,61.43383788999999,1.1400000000000001,77.5,25.25,0.1265,12491045.5,46.293553777071,95741.0,2442.0,2.5511,0.25566369694591295,0.20952989939034783,0.6040598958741021
TUR,Turkey,Asia,85561976.0,23.21719,17.32999992,75.0887461,21.25746889,67.80004271,32.258266,99.0,8.443362281,87.6600036621094,97.9415735149907,4805.75371765917,279.27058410999996,2.615,97.0,8.6,2.255,17845429.5,63.8573092590878,201399.0,1194.0,0.5929,0.48287500116152937,0.473030978489054,0.5046112995974593
TUV,Tuvalu,Australia-Oceania,12066.0,6.80654,5.860192776,68.527122495,17.45140595,60.37984099,69.989413,92.0,19.450477951,87.6600036621094,97.67658476709235,13712.331325228035,254.83047485,2.1149999999999998,94.0,12.6,3.808,596966.5,59.2461548826604,243909.0,83.0,0.034,0.499516567513225,0.47979522832656557,0.3174918730062468
TWN,Taiwan,Asia,23888595.0,27.16498,2.40712595,74.57707156,20.39267473,65.53234464,17.022085,96.0,13.614667316,87.6600036621094,97.9415735149907,4805.75371765917,279.27058410999996,2.615,97.0,8.6,2.255,17845429.5,63.8573092590878,428720.0,796.0,0.1856,0.48287500116152937,0.473030978489054,0.550688675051226
TZA,Tanzania,Africa,63298550.0,14.46877,116.3459244,66.78631383,18.79006611,58.6758504,15.887661,91.0,38.054053346,49.0,70.944581483911,1960.40808854893,61.43383788999999,1.1400000000000001,77.5,25.25,0.1265,12491045.5,46.293553777071,683.0,13.0,1.9573,0.25566369694591295,0.20952989939034783,-0.662058495873389
UGA,Uganda,Africa,48432863.0,31.31261,10.60001993,66.0878394,17.69688518,55.58300662,9.6021645,93.0,28.200270122,49.0,70.944581483911,1960.40808854893,61.43383788999999,1.1400000000000001,77.5,25.25,0.1265,12491045.5,46.293553777071,3554.0,75.0,2.1098,0.25566369694591295,0.20952989939034783,0.14455823381795832
UKR,Ukraine,Europe,43192122.0,15.20278,15.52999973,77.81051846,21.73222922,66.69862932,18.825126,80.0,9.101947075,99.61000061035155,99.98573708972265,40408.2848574751,2908.83154297,5.050000000000001,95.0,2.3,3.892,5668014.0,72.76538205339385,128681.0,2603.0,2.0226,0.6471878184943698,0.668915231382778,0.5827519977353086
URY,Uruguay,South America,3496016.0,8.50698,33.23516083,77.01365627,21.70617475,68.59620148,32.942402,94.0,5.455541423,94.57131334997685,95.41614476396654,6472.54544924705,507.06231689,2.02,91.0,7.4,2.3354999999999997,19197744.0,77.4595528518377,297799.0,2192.0,0.7361,0.4554984946667363,0.5664195443590224,0.4697252337754327
USA,USA,North America,334805269.0,7.41177,46.3327198,78.73923827,23.23711251,65.12712594,40.463263,94.0,5.522969146,91.40634550729564,96.7258902380545,11673.7394555761,465.63766479,2.1149999999999998,92.0,9.7,2.3970000000000002,385829.0,71.4382284948964,333985.0,3642.0,1.0906,0.46438071639994716,0.5417096279086174,0.4227419461857903
UZB,Uzbekistan,Asia,34382084.0,46.63223,0.0,74.28109295,17.8188925,64.32372756,27.358216,96.0,16.710175238,87.6600036621094,97.9415735149907,4805.75371765917,279.27058410999996,2.615,97.0,8.6,2.255,17845429.5,63.8573092590878,7378.0,48.0,0.6453,0.48287500116152937,0.473030978489054,0.5329111179911988
VAT,Holy See (Vatican City State),Europe,799.0,12.1386,0.179999996,80.90340137,23.28289156,69.14331489,21.059428,95.0,3.3101959115,99.61000061035155,99.98573708972265,40408.2848574751,2908.83154297,5.050000000000001,95.0,2.3,3.892,5668014.0,72.76538205339385,36295.0,0.0,0.0,0.6471878184943698,0.668915231382778,0.8213235143422335
VCT,Saint Vincent and the Grenadines,North America,111551.0,9.50585,55.36021423,75.8185623,20.50946152,64.98394513,45.879483,97.0,10.955082006,91.40634550729564,96.7258902380545,11673.7394555761,465.63766479,2.1149999999999998,92.0,9.7,2.3970000000000002,385829.0,71.4382284948964,86723.0,1112.0,1.2818,0.46438071639994716,0.5417096279086174,0.23600899112363305
VEN,Venezuela,South America,29266991.0,16.70442,75.97263336,72.71401189,22.64098677,63.4012906,22.833301,64.0,21.477539369,94.57131334997685,95.41614476396654,6472.54544924705,507.06231689,2.02,91.0,7.4,2.3354999999999997,19197744.0,77.4595528518377,18885.0,200.0,1.0595,0.4554984946667363,0.5664195443590224,-0.08071140938435756
VGB,British Virgin Islands,North America,30596.0,10.22044,46.3327198,75.29554064,21.44475675,65.4608084,31.235856,93.5,12.639122888,91.40634550729564,99.8643835616439,11673.7394555761,465.63766479,2.1149999999999998,92.0,7.5,2.3970000000000002,36395.0,52.3907871425786,241600.0,2092.0,0.8658,0.4741409109272253,0.46353146841387866,0.2708248946670928
VNM,Vietnam,Asia,98953541.0,20.93368,24.23248672,77.99629809,19.5535056,65.38787599,1.6176427,89.0,14.885813302,87.6600036621094,97.9415735149907,4805.75371765917,279.27058410999996,2.615,97.0,8.6,2.255,17845429.5,63.8573092590878,117481.0,437.0,0.3717,0.48287500116152937,0.473030978489054,0.4765812530441055
VUT,Vanuatu,Australia-Oceania,321832.0,9.0883,0.034125432,70.64265663,17.63384226,61.42584511,15.483469,90.0,14.912259426,87.6600036621094,97.67658476709235,13712.331325228035,254.83047485,2.1149999999999998,94.0,12.6,3.808,596966.5,59.2461548826604,37346.0,44.0,0.1165,0.499516567513225,0.47979522832656557,0.4530009889874509
WLD,World,,5797805.0,15.21878,10.60000038,75.0010583,20.38805674,65.19040807,21.059428,93.5,13.316700793,87.6600036621094,97.6403544846485,6472.54544924705,279.27058410999996,2.1149999999999998,94.0,9.7,2.376,9694824.0,63.8573092590878,128843.0,788.0,0.8749,0.4670086198755694,0.4778386914548347,0.5070889338846867
WLF,Wallis and Futuna,Australia-Oceania,10982.0,7.995995,0.034125432,68.527122495,17.45140595,60.37984099,45.034622999999996,94.5,18.897071967000002,87.6600036621094,97.67658476709235,13712.331325228035,254.83047485,2.1149999999999998,94.0,12.6,3.808,596966.5,59.2461548826604,323256.0,728.0,0.2254,0.499516567513225,0.47979522832656557,0.36303125937379926
WSM,Samoa,Australia-Oceania,202239.0,8.07386,0.034125432,68.76537342,17.64320152,61.41862051,71.699011,68.0,14.940505142,87.6600036621094,97.67658476709235,13712.331325228035,254.83047485,2.1149999999999998,94.0,12.6,3.808,596966.5,59.2461548826604,84089.0,153.0,0.1823,0.499516567513225,0.47979522832656557,0.40359974536924637
YEM,Yemen,Asia,31154867.0,41.60944,2.40712595,66.89863946,17.98244342,58.35054219,15.247683,60.0,42.3272615,87.6600036621094,97.9415735149907,4805.75371765917,279.27058410999996,2.615,97.0,8.6,2.255,17845429.5,63.8573092590878,383.0,69.0,18.0745,0.48287500116152937,0.473030978489054,0.10050035903765978
ZAF,South Africa,Africa,60756135.0,17.04371,1.150606275,68.84884833,18.70505626,57.72860198,44.082209,85.0,27.593741514,49.0,70.944581483911,1960.40808854893,61.43383788999999,1.1400000000000001,77.5,25.25,0.1265,12491045.5,46.293553777071,67095.0,1689.0,2.5168,0.25566369694591295,0.20952989939034783,0.28819038495430943
ZMB,Zambia,Africa,19470234.0,16.10123,10.60001993,59.43027143,14.43155731,52.66856462,4.1623801,88.0,32.345037182,49.0,70.944581483911,1960.40808854893,61.43383788999999,1.1400000000000001,77.5,25.25,0.1265,12491045.5,46.293553777071,17940.0,209.0,1.1649,0.25566369694591295,0.20952989939034783,-0.06573132717133595
ZWE,Zimbabwe,Africa,15331428.0,14.47127,10.60001993,61.01709079,14.31397044,51.95162108,19.181265,90.0,50.724940523,49.0,70.944581483911,1960.40808854893,61.43383788999999,1.1400000000000001,77.5,25.25,0.1265,12491045.5,46.293553777071,17373.0,374.0,2.155,0.25566369694591295,0.20952989939034783,-0.18365781376610912
